<root>
	<article id="chapter_01" text="Communication">
		<article id="paragraph_01" text="Unit 1.1" />
		<article id="paragraph_02" text="Unit 1.2" />
		<article id="paragraph_03" text="Unit 1.3" />
		<article id="paragraph_04" text="Unit 1.4" />
		<article id="paragraph_05" text="Unit 1.5" />
		<article id="paragraph_06" text="Unit 1.6" />
	</article>
	<article id="chapter_04" text="Spoilt for choice">
		<article id="paragraph_20" text="Unit 4.1" />
		<article id="paragraph_21" text="Unit 4.2" />
		<article id="paragraph_22" text="Unit 4.3" />
		<article id="paragraph_23" text="Unit 4.4" />
	</article>
</root>

<!-- доделать со 110 страницы -->