<List>
	<article id="chapter_01">
		<id>chapter_01</id>
		<wl-name>Communication</wl-name>
		<wl-name>text</wl-name>
		<wl-name>chapter_01</wl-name>
		<wl-name></wl-name>
	</article>
	<Level depth="1">
		<article id="paragraph_01">
			<id>paragraph_01</id>
			<wl-name>Unit 1.1</wl-name>
			<wl-name>text</wl-name>
			<wl-name>paragraph_01</wl-name>
			<wl-name></wl-name>
		</article>
		<article id="paragraph_02">
			<id>paragraph_02</id>
			<wl-name>Unit 1.2</wl-name>
			<wl-name>text</wl-name>
			<wl-name>paragraph_02</wl-name>
			<wl-name></wl-name>
		</article>
		<article id="paragraph_03">
			<id>paragraph_03</id>
			<wl-name>Unit 1.3</wl-name>
			<wl-name>text</wl-name>
			<wl-name>paragraph_03</wl-name>
			<wl-name></wl-name>
		</article>
		<article id="paragraph_04">
			<id>paragraph_04</id>
			<wl-name>Unit 1.4</wl-name>
			<wl-name>text</wl-name>
			<wl-name>paragraph_04</wl-name>
			<wl-name></wl-name>
		</article>
		<article id="paragraph_05">
			<id>paragraph_05</id>
			<wl-name>Unit 1.5</wl-name>
			<wl-name>text</wl-name>
			<wl-name>paragraph_05</wl-name>
			<wl-name></wl-name>
		</article>
		<article id="paragraph_06">
			<id>paragraph_06</id>
			<wl-name>Unit 1.6</wl-name>
			<wl-name>text</wl-name>
			<wl-name>paragraph_06</wl-name>
			<wl-name></wl-name>
		</article>
	</Level>
	<article id="chapter_04">
		<id>chapter_04</id>
		<wl-name>Spoilt for choice</wl-name>
		<wl-name>text</wl-name>
		<wl-name>chapter_04</wl-name>
		<wl-name></wl-name>
	</article>
	<Level depth="1">
		<article id="paragraph_20">
			<id>paragraph_20</id>
			<wl-name>Unit 4.1</wl-name>
			<wl-name>text</wl-name>
			<wl-name>paragraph_20</wl-name>
			<wl-name></wl-name>
		</article>
		<article id="paragraph_21">
			<id>paragraph_21</id>
			<wl-name>Unit 4.2</wl-name>
			<wl-name>text</wl-name>
			<wl-name>paragraph_21</wl-name>
			<wl-name></wl-name>
		</article>
		<article id="paragraph_22">
			<id>paragraph_22</id>
			<wl-name>Unit 4.3</wl-name>
			<wl-name>text</wl-name>
			<wl-name>paragraph_22</wl-name>
			<wl-name></wl-name>
		</article>
		<article id="paragraph_23">
			<id>paragraph_23</id>
			<wl-name>Unit 4.4</wl-name>
			<wl-name>text</wl-name>
			<wl-name>paragraph_23</wl-name>
			<wl-name></wl-name>
		</article>
	</Level>
</List>
