<paragraph version="1.0" id="paragraph_05" module="1" unit="5" first-page="14">

	<page number="14" />
	<table border-style="none">
		<tr>
			<td>
				<image_block class="inner_left"> <img url="Data/images/headers/unit/1-5.png" /> </image_block>
			</td>
		</tr>
	</table>
	<table border-style="none">
		<tr>
			<td text-valign="top" text-align="center" width="60px">&#160;</td>
			<td text-valign="top">
				<violet_sans_h2>Lead-in</violet_sans_h2>
			</td>
		</tr>
	</table>
	<table rel="task" border-style="none">
		<tr>
			<td text-valign="top" text-align="center" width="60px">
				<blue_big rel="counter">1</blue_big>
			</td>
			<td text-valign="top" rel="content">
				<p modify-text-nodes="sans_b" margin_top="0">
					<sans_b>Look at the pictures and the title. Do you know any of the people in the pictures? How do you think they relate to the title?</sans_b>
				</p>
			</td>
		</tr>
	</table>
	<table rel="task" border-style="none">
		<tr>
			<td text-valign="top" text-align="center" width="60px">
				<blue_big rel="counter">2</blue_big>
			</td>
			<td text-valign="top" rel="content">
				<p modify-text-nodes="sans_b" margin_top="0">
					<sans_b>Are words the only way to communicate? Can you think of any other ways in which we communicate ideas or feelings? Discuss with a partner.</sans_b>
				</p>
			</td>
		</tr>
	</table>
	<table border-style="none">
		<tr>
			<td text-valign="top" text-align="center" width="60px">&#160;</td>
			<td text-valign="top">
				<violet_sans_h2>Listening</violet_sans_h2>
			</td>
		</tr>
	</table>
	<table rel="task" border-style="none" numbered="">
		<tr>
			<td text-valign="top" text-align="center" width="60px">
				<blue_big rel="counter">3</blue_big>
			</td>
			<td text-valign="top" rel="content">
				<p modify-text-nodes="sans_b" margin_top="0">
					<image_block rel="icon" margin_right="4px" width="32px" height="32px"> <img url="Data/icons/pen.svg" /></image_block>
					<image_block rel="icon" margin_right="4px" height="32px" width="42px"> <img url="Data/icons/headphones.svg" /></image_block>
					<sans_b>Listen to three people talking about a performance they recently attended. Match the speakers to the performance.</sans_b>
				</p>
				<table border-style="none" width="100%" margin_top="0" margin_bottom="0">
					<tr>
						<td modify-child-text-nodes="sans">
							<p margin_top="0">
								<sans>Speaker 1</sans>
							</p>
							<p margin_top="0">
								<sans>Speaker 2</sans>
							</p>
							<p margin_top="0">
								<sans>Speaker 3</sans>
							</p>
						</td>
						<td>
							<table border-style="none" width="100%">
								<tr rel="inner-task">
									<td text-valign="top" rel="content" modify-text-nodes="sans">
										<table border-style="none" width="100%" margin_top="0" margin_bottom="0">
											<tr rel="inner-task-item">
												<td text-valign="top" text-align="center" width="30px" modify-text-nodes="sans">
													<sans_b rel="counter">1</sans_b>
												</td>
												<td text-valign="top" modify-text-nodes="sans">
													<sans>mime</sans>
												</td>
											</tr>
											<tr rel="inner-task-item">
												<td text-valign="top" text-align="center" width="30px" modify-text-nodes="sans">
													<sans_b rel="counter">2</sans_b>
												</td>
												<td text-valign="top" modify-text-nodes="sans">
													<sans>ballet</sans>
												</td>
											</tr>
											<tr rel="inner-task-item">
												<td text-valign="top" text-align="center" width="30px" modify-text-nodes="sans">
													<sans_b rel="counter">3</sans_b>
												</td>
												<td text-valign="top" modify-text-nodes="sans">
													<sans>concert</sans>
												</td>
											</tr>
										</table>
									</td>
								</tr>
							</table>
						</td>
					</tr>
				</table>
			</td>
		</tr>
	</table>
	<table border-style="none">
		<tr>
			<td text-valign="top" text-align="center" width="60px">&#160;</td>
			<td text-valign="top">
				<violet_sans_h2>Reading</violet_sans_h2>
			</td>
		</tr>
	</table>
	<table rel="task" border-style="none" numbered="">
		<tr>
			<td text-valign="top" text-align="center" width="60px">
				<blue_big rel="counter">4</blue_big>
			</td>
			<td text-valign="top" rel="content">
				<p modify-text-nodes="sans_b" margin_top="0">
					<image_block rel="icon" margin_right="4px" width="32px" height="32px"> <img url="Data/icons/pen.svg" /></image_block>
					<image_block rel="icon" margin_right="4px" height="32px" width="52px"> <img url="Data/icons/rne.svg" /></image_block>
					<sans_b>Match texts A-G with headings 1-8. Each number can only be used once. There is one extra heading.</sans_b>
				</p>
				<p align="center" modify-text-nodes="sans_b">
					<image_block rel="image"> <img url="Data/images/14-1.png" /></image_block>
				</p>
				<!-- adaptive images next -->
				<p align="center" modify-text-nodes="sans_b">
					<image_block rel="image"> <img url="Data/images/14-2.png" /></image_block>
				</p>
				<p align="center" modify-text-nodes="sans_b">
					<image_block rel="image"> <img url="Data/images/14-3.png" /></image_block>
				</p>
				<p align="center" modify-text-nodes="sans_b">
					<image_block rel="image"> <img url="Data/images/14-4.png" /></image_block>
				</p>
				<p modify-text-nodes="sans_b" margin_top="0">
					<sans_b>A</sans_b>
					<sans_b>) In the world of mime, Slava Polunin is a living legend. He is one of the most famous mime artists on the world stage and his stage persona, Asisyai, with his yellow boiler suit and fluffy red slippers, is instantly recognisable. </sans_b>
					<sans_i>Slava’s Snowshow</sans_i>
					<sans_b>, which is still performed worldwide, is a modern masterpiece, captivating audiences with its mixture of </sans_b>
					<sans_b>hilarious</sans_b>
					<sans_b> comedy and powerful emotion. This hugely imaginative performance ends as an indoor blizzard sweeps across the auditorium sprinkling an amazed audience with snowflakes.</sans_b>
				</p>
				<p modify-text-nodes="sans_b" margin_top="0">
					<sans_b>B</sans_b>
					<sans_b>) The ballet </sans_b><i>The Rite of Spring</i>
					<sans_b> by composer Igor Stravinsky and choreographer Vaslav Nijinsky, which was first performed in 1913, </sans_b><b>revolutionised</b>
					<sans_b> both ballet and orchestral music. This modern approach to ballet broke with artistic tradition and almost brought the house down on the first night – literally. The boos of the audience soon developed into a riot that only calmed down after the police arrived during the intermission. Classical music doesn’t often cause such </sans_b><b>controversy</b>
					<sans_b>, but </sans_b><i>The Rite of Spring</i>
					<sans_b> is now universally acknowledged as a true work of art.</sans_b>
				</p>
				<p modify-text-nodes="sans_b" margin_top="0">
					<sans_b>C</sans_b>
					<sans_b>) After coming second in the 2006 Eurovision Song Contest with his song </sans_b>
					<sans_i>Never Let You Go</sans_i>
					<sans_b>, Dima Bilan was </sans_b>
					<sans_b>guaranteed</sans_b>
					<sans_b> a successful career. What few people expected though, was that he would try again in 2008 and, this time, take first place with </sans_b>
					<sans_i>Believe</sans_i>
					<sans_b>. Now with an international career that has him touring worldwide and recording with some of pop music’s most famous names, Dima is the face of Russian pop that brought the Eurovision Song Contest to Moscow in 2009.</sans_b>
				</p>
				<p modify-text-nodes="sans_b" margin_top="0">
					<sans_b>D</sans_b>
					<sans_b>) Maya Plisetskaya was acclaimed as one of the superstars of twentieth century ballet. Having trained from an early age, she first performed with the Bolshoi Ballet at the age of 18 and stayed with them until 1990. Famed for her red hair, </sans_b><b>graceful</b>
					<sans_b> movements and electric performances, she impressed the world when she took to the stage in such ballets as </sans_b><i>Swan Lake</i>
					<sans_b> and </sans_b><i>Sleeping Beauty</i>
					<sans_b>. She received many honours both at home and abroad. Maya Plisetskaya died in 2015 but she remains the ultimate role-model for all the dancers who have followed in her footsteps.</sans_b>
				</p>
				<p modify-text-nodes="sans_b" margin_top="0">
					<sans_b>E</sans_b>
					<sans_b>) Oleg Popov, the Sunshine Clown, trained at the circus school in Moscow and soon became one of the most popular clowns in Russia. Over the course of his career he received many awards. In 1969, he was honoured as the People’s Artist and in 1981 he received the </sans_b><b>prestigious</b>
					<sans_b> Golden Clown of Monte Carlo award. Even in his eighties, Oleg performed both at home and internationally. He used to say that his goal to: ‘create joy, not laughter for its own sake.’ He died in 2016 being on tour in Rostov-on-Don.</sans_b>
				</p>
				<p modify-text-nodes="sans_b" margin_top="0">
					<sans_b>F</sans_b>
					<sans_b>) Chelyabinsk Contemporary Dance Theatre has built a reputation on innovative performances that combine dance with elements of theatre. Olga Pona, the group’s choreographer, only became interested in modern dance when she was at university. Her late start hasn’t stopped her from becoming a major name in this </sans_b>
					<sans_b>genre</sans_b>
					<sans_b> though. She believes that there are many types of contemporary dance and that allows her to make her own rules for the work she performs. She combines folk dance, modern movement, sound and silence to forge unforgettable performances.</sans_b>
				</p>
				<p modify-text-nodes="sans_b" margin_top="0">
					<sans_b>G</sans_b>
					<sans_b>) Mstislav ‘Slava’ Rostropovich was a cellist and composer who inspired entire generations of musicians. Coming from a family of musicians, he soon demonstrated his natural talent with the cello. His remarkable skill was only matched by his genuine </sans_b>
					<sans_b>compassion</sans_b>
					<sans_b> for others. The Rostropovich- Vishnevskaya Foundation was set up to improve the health of children and to this day it has helped over nine million through immunisation programmes. Rostropovich died in 2007, but his legacy lives on.</sans_b>
				</p>
				<table border-style="none" width="100%">
					<tr rel="inner-task">
						<td text-valign="top" rel="content" modify-text-nodes="sans">
							<table border-style="none" width="100%" margin_top="0" margin_bottom="0">
								<tr rel="inner-task-item">
									<td text-valign="top" text-align="center" width="30px" modify-text-nodes="sans">
										<sans_b rel="counter">4</sans_b>
									</td>
									<td text-valign="top" modify-text-nodes="sans">
										<sans>Setting the standard</sans>
									</td>
								</tr>
								<tr rel="inner-task-item">
									<td text-valign="top" text-align="center" width="30px" modify-text-nodes="sans">
										<sans_b rel="counter">5</sans_b>
									</td>
									<td text-valign="top" modify-text-nodes="sans">
										<sans>Still going strong</sans>
									</td>
								</tr>
								<tr rel="inner-task-item">
									<td text-valign="top" text-align="center" width="30px" modify-text-nodes="sans">
										<sans_b rel="counter">6</sans_b>
									</td>
									<td text-valign="top" modify-text-nodes="sans">
										<sans>The shock of the new</sans>
									</td>
								</tr>
								<tr rel="inner-task-item">
									<td text-valign="top" text-align="center" width="30px" modify-text-nodes="sans">
										<sans_b rel="counter">7</sans_b>
									</td>
									<td text-valign="top" modify-text-nodes="sans">
										<sans>A replay of past glories</sans>
									</td>
								</tr>
								<tr rel="inner-task-item">
									<td text-valign="top" text-align="center" width="30px" modify-text-nodes="sans">
										<sans_b rel="counter">8</sans_b>
									</td>
									<td text-valign="top" modify-text-nodes="sans">
										<sans>Blending a range of feelings</sans>
									</td>
								</tr>
								<tr rel="inner-task-item">
									<td text-valign="top" text-align="center" width="30px" modify-text-nodes="sans">
										<sans_b rel="counter">9</sans_b>
									</td>
									<td text-valign="top" modify-text-nodes="sans">
										<sans>Great works and good will</sans>
									</td>
								</tr>
								<tr rel="inner-task-item">
									<td text-valign="top" text-align="center" width="30px" modify-text-nodes="sans">
										<sans_b rel="counter">10</sans_b>
									</td>
									<td text-valign="top" modify-text-nodes="sans">
										<sans>Once more for glory</sans>
									</td>
								</tr>
								<tr rel="inner-task-item">
									<td text-valign="top" text-align="center" width="30px" modify-text-nodes="sans">
										<sans_b rel="counter">11</sans_b>
									</td>
									<td text-valign="top" modify-text-nodes="sans">
										<sans>Uniting many styles</sans>
									</td>
								</tr>
							</table>
						</td>
					</tr>
				</table>
				<table border-color="A8A9AD" border-size="2px">
					<tr>
						<td text-align="center" text-valign="center" bgcolor="ECECED" width="14.2857%">
							<sans_b>A</sans_b>
						</td>
						<td text-align="center" text-valign="center" bgcolor="ECECED" width="14.2857%">
							<sans_b>B</sans_b>
						</td>
						<td text-align="center" text-valign="center" bgcolor="ECECED" width="14.2857%">
							<sans_b>C</sans_b>
						</td>
						<td text-align="center" text-valign="center" bgcolor="ECECED" width="14.2857%">
							<sans_b>D</sans_b>
						</td>
						<td text-align="center" text-valign="center" bgcolor="ECECED" width="14.2857%">
							<sans_b>E</sans_b>
						</td>
						<td text-align="center" text-valign="center" bgcolor="ECECED" width="14.2857%">
							<sans_b>F</sans_b>
						</td>
						<td text-align="center" text-valign="center" bgcolor="ECECED" width="14.2857%">
							<sans_b>G</sans_b>
						</td>
					</tr>
					<tr>
						<td>&#160;</td>
						<td>&#160;</td>
						<td>&#160;</td>
						<td>&#160;</td>
						<td>&#160;</td>
						<td>&#160;</td>
						<td>&#160;</td>
					</tr>
				</table>
			</td>
		</tr>
	</table>
	<table rel="task" border-style="none" numbered="">
		<tr>
			<td text-valign="top" text-align="center" width="60px">
				<blue_big rel="counter">5</blue_big>
			</td>
			<td text-valign="top" rel="content">
				<p modify-text-nodes="sans_b" margin_top="0">
					<image_block rel="icon" margin_right="4px" width="32px" height="32px"> <img url="Data/icons/pen.svg" /></image_block>
					<sans_b>Complete with: </sans_b>
					<blue_sans_b>work, international, living, build, receive, remarkable, follow, innovative, modern, powerful</blue_sans_b>
					<sans_b>. Use the phrases in sentences of your own.</sans_b>
				</p>
				<table border-style="none" width="100%">
					<tr rel="inner-task">
						<td text-valign="top" rel="content" modify-text-nodes="sans">
							<table border-style="none" width="100%" margin_top="0" margin_bottom="0">
								<tr rel="inner-task-item">
									<td text-valign="top" text-align="center" width="30px" modify-text-nodes="sans">
										<sans_b rel="counter">12</sans_b>
									</td>
									<td text-valign="top" modify-text-nodes="sans">
										<sans>..... legend</sans>
									</td>
								</tr>
								<tr rel="inner-task-item">
									<td text-valign="top" text-align="center" width="30px" modify-text-nodes="sans">
										<sans_b rel="counter">13</sans_b>
									</td>
									<td text-valign="top" modify-text-nodes="sans">
										<sans>..... awards</sans>
									</td>
								</tr>
								<tr rel="inner-task-item">
									<td text-valign="top" text-align="center" width="30px" modify-text-nodes="sans">
										<sans_b rel="counter">14</sans_b>
									</td>
									<td text-valign="top" modify-text-nodes="sans">
										<sans>..... masterpiece</sans>
									</td>
								</tr>
								<tr rel="inner-task-item">
									<td text-valign="top" text-align="center" width="30px" modify-text-nodes="sans">
										<sans_b rel="counter">15</sans_b>
									</td>
									<td text-valign="top" modify-text-nodes="sans">
										<sans>..... skill</sans>
									</td>
								</tr>
								<tr rel="inner-task-item">
									<td text-valign="top" text-align="center" width="30px" modify-text-nodes="sans">
										<sans_b rel="counter">16</sans_b>
									</td>
									<td text-valign="top" modify-text-nodes="sans">
										<sans>..... career</sans>
									</td>
								</tr>
								<tr rel="inner-task-item">
									<td text-valign="top" text-align="center" width="30px" modify-text-nodes="sans">
										<sans_b rel="counter">17</sans_b>
									</td>
									<td text-valign="top" modify-text-nodes="sans">
										<sans>..... in her footsteps</sans>
									</td>
								</tr>
								<tr rel="inner-task-item">
									<td text-valign="top" text-align="center" width="30px" modify-text-nodes="sans">
										<sans_b rel="counter">18</sans_b>
									</td>
									<td text-valign="top" modify-text-nodes="sans">
										<sans>..... performances</sans>
									</td>
								</tr>
								<tr rel="inner-task-item">
									<td text-valign="top" text-align="center" width="30px" modify-text-nodes="sans">
										<sans_b rel="counter">19</sans_b>
									</td>
									<td text-valign="top" modify-text-nodes="sans">
										<sans>..... a reputation</sans>
									</td>
								</tr>
								<tr rel="inner-task-item">
									<td text-valign="top" text-align="center" width="30px" modify-text-nodes="sans">
										<sans_b rel="counter">20</sans_b>
									</td>
									<td text-valign="top" modify-text-nodes="sans">
										<sans>..... emotion</sans>
									</td>
								</tr>
								<tr rel="inner-task-item">
									<td text-valign="top" text-align="center" width="30px" modify-text-nodes="sans">
										<sans_b rel="counter">21</sans_b>
									</td>
									<td text-valign="top" modify-text-nodes="sans">
										<sans>..... of art</sans>
									</td>
								</tr>
							</table>
						</td>
					</tr>
				</table>
			</td>
		</tr>
	</table>
	<table rel="task" border-style="none">
		<tr>
			<td text-valign="top" text-align="center" width="60px">
				<blue_big rel="counter">6</blue_big>
			</td>
			<td text-valign="top" rel="content">
				<p modify-text-nodes="sans_b" margin_top="0">
					<sans_b>Match the words in bold in the extracts to their definitions.</sans_b>
				</p>
				<nobr rel="task-item" modify-text-nodes="sans">
					<sans>•&#160;completely changed the way something is done&#160;&#160;</sans>
				</nobr>
				<text/>
				<nobr rel="task-item" modify-text-nodes="sans">
					<sans>•&#160;type of music, film, painting, etc&#160;&#160;</sans>
				</nobr>
				<text/>
				<nobr rel="task-item" modify-text-nodes="sans">
					<sans>•&#160;respected and admired&#160;&#160;</sans>
				</nobr>
				<text/>
				<nobr rel="task-item" modify-text-nodes="sans">
					<sans>•&#160;extremely funny&#160;&#160;</sans>
				</nobr>
				<text/>
				<nobr rel="task-item" modify-text-nodes="sans">
					<sans>•&#160;dispute involving strong disagreement&#160;&#160;</sans>
				</nobr>
				<text/>
				<nobr rel="task-item" modify-text-nodes="sans">
					<sans>•&#160;ensured&#160;&#160;</sans>
				</nobr>
				<text/>
				<nobr rel="task-item" modify-text-nodes="sans">
					<sans>•&#160;feeling of sympathy for others&#160;&#160;</sans>
				</nobr>
				<text/>
				<nobr rel="task-item" modify-text-nodes="sans">
					<sans>•&#160;with smooth, elegant movements&#160;&#160;</sans>
				</nobr>
				<text/> </td>
		</tr>
	</table>

	<page number="15" />
	<table border-style="none">
		<tr>
			<td text-valign="top" text-align="center" width="60px">&#160;</td>
			<td text-valign="top">
				<violet_sans_h2>Listening & Speaking</violet_sans_h2>
			</td>
		</tr>
	</table>
	<table rel="task" border-style="none">
		<tr>
			<td text-valign="top" text-align="center" width="60px">
				<blue_big rel="counter">7</blue_big>
			</td>
			<td text-valign="top" rel="content">
				<p modify-text-nodes="sans_b" margin_top="0">
					<image_block rel="icon" margin_right="4px" height="32px" width="42px"> <img url="Data/icons/headphones.svg" /></image_block>
					<sans_b>Listen as you read the extracts again. Imagine that you went to one of the performances. Tell your partner about the performance and why he/she should go and see it. Then translate extracts 3 and 5 into Russian.</sans_b>
				</p>
			</td>
		</tr>
	</table>
	<table border-style="none">
		<tr>
			<td text-valign="top" text-align="center" width="60px">&#160;</td>
			<td text-valign="top">
				<violet_sans_h2>Writing</violet_sans_h2>
			</td>
		</tr>
	</table>
	<table rel="task" border-style="none">
		<tr>
			<td text-valign="top" text-align="center" width="60px">
				<blue_big rel="counter">8</blue_big>
			</td>
			<td text-valign="top" rel="content">
				<p modify-text-nodes="sans_b" margin_top="0">
					<image_block rel="icon" margin_right="4px" height="32px" width="56px"> <img url="Data/icons/think.svg" /></image_block>
					<sans_b>What would it be like to perform in front of an audience? How would you prepare? How would you feel on stage after the performance? Spend three minutes writing about it. Read your piece of writing to your partner.</sans_b>
				</p>
			</td>
		</tr>
	</table>

</paragraph>