<paragraph version="1.0" id="paragraph_22" module="4" unit="3" first-page="108">

	<page number="108" />
	<table border-style="none">
		<tr>
			<td>
				<image_block class="inner_left"> <img url="Data/images/headers/unit/4-3.png" /> </image_block>
			</td>
		</tr>
	</table>
	<table border-style="none">
		<tr>
			<td text-valign="top" text-align="center" width="60px">&#160;</td>
			<td text-valign="top">
				<violet_sans_h2>Lead-in</violet_sans_h2>
			</td>
		</tr>
	</table>
	<table rel="task" border-style="none">
		<tr>
			<td text-valign="top" text-align="center" width="60px">
				<blue_big rel="counter">1</blue_big>
			</td>
			<td text-valign="top" rel="content">
				<p modify-text-nodes="sans_b" margin_top="0">
					<image_block rel="icon" margin_right="4px" height="32px" width="42px"> <img url="Data/icons/headphones.svg" /></image_block>
					<sans_b>Listen to four people talking about travel. Who (John, Lynda, Steve, Marta) travels for:</sans_b>
				</p>
				<nobr rel="task-item" modify-text-nodes="sans">
					<sans>•&#160;fun?&#160;&#160;</sans>
				</nobr>
				<text/>
				<nobr rel="task-item" modify-text-nodes="sans">
					<sans>•&#160;their goals?&#160;&#160;</sans>
				</nobr>
				<text/>
				<nobr rel="task-item" modify-text-nodes="sans">
					<sans>•&#160;relaxation?&#160;&#160;</sans>
				</nobr>
				<text/>
				<nobr rel="task-item" modify-text-nodes="sans">
					<sans>•&#160;experiences?&#160;&#160;</sans>
				</nobr>
				<text/> </td>
		</tr>
	</table>
	<table rel="task" border-style="none">
		<tr>
			<td text-valign="top" text-align="center" width="60px">
				<blue_big rel="counter">2</blue_big>
			</td>
			<td text-valign="top" rel="content">
				<p modify-text-nodes="sans_b" margin_top="0">
					<sans_b>Listen to four people talking about travel. Who (John, Lynda, Steve, Marta) travels for:</sans_b>
				</p>
				<table border-style="none" width="100%" margin_top="0">
					<tr>
						<td>
							<sans>•&#160;&#160;</sans>
						</td>
						<td>
							<sans>fun?</sans>
						</td>
					</tr>
					<tr>
						<td>
							<sans>•&#160;&#160;</sans>
						</td>
						<td width="100%">
							<sans>their goals?</sans>
						</td>
					</tr>
					<tr>
						<td>
							<sans>•&#160;&#160;</sans>
						</td>
						<td>
							<sans>relaxation?</sans>
						</td>
					</tr>
					<tr>
						<td>
							<sans>•&#160;&#160;</sans>
						</td>
						<td>
							<sans>experiences?</sans>
						</td>
					</tr>
				</table>
			</td>
		</tr>
	</table>
	<table rel="task" border-style="none">
		<tr>
			<td text-valign="top" text-align="center" width="60px">
				<blue_big rel="counter">3</blue_big>
			</td>
			<td text-valign="top" rel="content">
				<p modify-text-nodes="sans_b" margin_top="0">
					<sans_b>Read the title and the introduction to the article. Why does Frans Lanting travel? Think of three questions about Frans. Read the article and see if you can answer them.</sans_b>
				</p>
			</td>
		</tr>
	</table>
	<table border-style="none">
		<tr>
			<td text-valign="top" text-align="center" width="60px">&#160;</td>
			<td text-valign="top">
				<violet_sans_h2>Reading</violet_sans_h2>
			</td>
		</tr>
	</table>
	<table rel="task" border-style="none">
		<tr>
			<td text-valign="top" text-align="center" width="60px">
				<blue_big rel="counter">4</blue_big>
			</td>
			<td text-valign="top" rel="content">
				<p modify-text-nodes="sans_b" margin_top="0">
					<image_block rel="icon" margin_right="4px" width="32px" height="32px"> <img url="Data/icons/pen.svg" /></image_block>
					<image_block rel="icon" margin_right="4px" height="32px" width="52px"> <img url="Data/icons/rne.svg" /></image_block>
					<sans_b>Read the text and complete the gaps A-F with the parts of the sentences marked by numbers 1-7. One part is extra.</sans_b>
				</p>
				<p align="center" text-align="center" modify-text-nodes="sans_b" margin_top="0">
					<sans_i>Frans Lanting travels to the ends of the Earth – and everyone who sees his pictures wants to follow him. James Owen talks to the world’s greatest travel and wildlife photographer.</sans_i>
				</p>
				<image_block rel="image" class="inner"> <img url="Data/images/108-1.png" /></image_block>
				<p margin_top="0">
					<sans>It can be tough at the top, especially if you are Frans Lanting, the world’s leading travel and wildlife photographer. Naturally, you want to get pictures of something rarely seen </sans>
					<sans_b>A) ..........</sans_b>
					<sans> . So what do you have to do?</sans>
				</p>
				<p margin_top="0">
					<sans>Well, you haul a canoe, supplies, camera gear and a steel scaffold weighing more than a ton up the Andes. Then you paddle miles up river before erecting a tower that gets you to the tree canopy </sans>
					<sans_b>B) ..........</sans_b>
					<sans> . For the next month you spend twelve hours a day in a space the size of an office desk. It is intensely humid and sweat bees drink from your skin, making it difficult to focus a lens without being stung. Things are no easier on the jungle floor. Fungus sprouts on your equipment and there are leaf-cutter ants </sans>
					<sans_b>C) ..........</sans_b>
					<sans> . And despite all this you still get the perfect shot. His photographs are unlike my others and include shots of serpentine jungle rivers, chameleons caught asleep, a seed falling to earth and almost the last white rhinoceros.</sans>
				</p>
				<p margin_top="0">
					<sans>Many of Lanting’s images are taken as close-ups and are, in fact, attempts to portray animals as individuals, as distinct in their characters as you and I. Other effects of this approach to photography have almost been as impressive as the pictures themselves. His essay in 1987 on the landscape and people of Madagascar helped to stimulate awareness of the country’s extraordinarily diverse wildlife. This then prompted a growth in tourism and foreign aid, </sans>
					<sans_b>D) ..........</sans_b>
					<sans> .</sans>
				</p>
				<image_block rel="image" class="inner"> <img url="Data/images/108-2.png" /></image_block>
				<p margin_top="0">
					<sans>Lanting has such a professional attitude that it comes as a surprise to learn that he did not pick up a camera until he was in his early twenties. Bored with his job as an environmental planner, he taught himself photography and in the early 1980s moved to the US. “I never envisaged that I could make a career out of it,” he says, “but we’ve witnessed a tremendous increase in concern for the natural world.” He adds, “Photography plays a significant role in shaping those perceptions.” So Lanting has travelled all over the world in pursuit of quarry such as the last white rhinoceros in Zaire in the hope that his photographs can play a part in increasing awareness of the worrying rate of extinction of biodiversity.</sans>
				</p>
				<p margin_top="0">
					<sans>People are also important to Lanting’s work </sans>
					<sans_b>E) ..........</sans_b>
					<sans> . It is perhaps this that distinguishes his photographs from our holiday snapshots. “I think a photograph, of whatever it might be – a landscape, a person – requires personal involvement. That means knowing your subject </sans>
					<sans_b>F) ..........</sans_b>
					<sans> .” And with that he rises quickly from his chair and heads for the great outdoors, bound for an encounter with the local wildlife – taxi drivers and London pigeons. Frans Lanting travels to the ends of the Earth – and everyone who sees his pictures wants to follow him. James Owen talks to the world’s greatest travel and wildlife photographer.</sans>
				</p>
				<table border-style="none" bgcolor="DFEEEE" width="100%">
					<tr rel="inner-task" no-counter="" class="blue-border">
						<td text-valign="top" rel="content" modify-text-nodes="sans" border-color="BEE7FB" border-size="2px" border-style="solid">
							<table border-style="none" width="100%" margin_top="0" margin_bottom="0">
								<tr rel="inner-task-item">
									<td text-valign="top" text-align="center" width="30px" modify-text-nodes="sans">
										<sans_b rel="counter">1</sans_b>
									</td>
									<td text-valign="top" modify-text-nodes="sans">
										<sans>which eat through your tent overnight</sans>
									</td>
								</tr>
								<tr rel="inner-task-item">
									<td text-valign="top" text-align="center" width="30px" modify-text-nodes="sans">
										<sans_b rel="counter">2</sans_b>
									</td>
									<td text-valign="top" modify-text-nodes="sans">
										<sans>where the birds you want to photograph live</sans>
									</td>
								</tr>
								<tr rel="inner-task-item">
									<td text-valign="top" text-align="center" width="30px" modify-text-nodes="sans">
										<sans_b rel="counter">3</sans_b>
									</td>
									<td text-valign="top" modify-text-nodes="sans">
										<sans>which has enabled the government to substantially increase its annual conservation budget</sans>
									</td>
								</tr>
								<tr rel="inner-task-item">
									<td text-valign="top" text-align="center" width="30px" modify-text-nodes="sans">
										<sans_b rel="counter">4</sans_b>
									</td>
									<td text-valign="top" modify-text-nodes="sans">
										<sans>such as the annual gathering of hundreds of rare macaws deep in the forests of the Amazon Basin</sans>
									</td>
								</tr>
								<tr rel="inner-task-item">
									<td text-valign="top" text-align="center" width="30px" modify-text-nodes="sans">
										<sans_b rel="counter">5</sans_b>
									</td>
									<td text-valign="top" modify-text-nodes="sans">
										<sans>which must be recognised as part of our heritage</sans>
									</td>
								</tr>
								<tr rel="inner-task-item">
									<td text-valign="top" text-align="center" width="30px" modify-text-nodes="sans">
										<sans_b rel="counter">6</sans_b>
									</td>
									<td text-valign="top" modify-text-nodes="sans">
										<sans>and not just snapping what’s in front of you</sans>
									</td>
								</tr>
								<tr rel="inner-task-item">
									<td text-valign="top" text-align="center" width="30px" modify-text-nodes="sans">
										<sans_b rel="counter">7</sans_b>
									</td>
									<td text-valign="top" modify-text-nodes="sans">
										<sans>and he never takes on a project without involving those on the spot, from bushmen to Native Americans</sans>
									</td>
								</tr>
							</table>
						</td>
					</tr>
				</table>
				<table border-color="A8A9AD" border-size="2px">
					<tr>
						<td text-align="center" text-valign="center" bgcolor="ECECED" width="16.6667%">
							<sans_b>A</sans_b>
						</td>
						<td text-align="center" text-valign="center" bgcolor="ECECED" width="16.6667%">
							<sans_b>B</sans_b>
						</td>
						<td text-align="center" text-valign="center" bgcolor="ECECED" width="16.6667%">
							<sans_b>C</sans_b>
						</td>
						<td text-align="center" text-valign="center" bgcolor="ECECED" width="16.6667%">
							<sans_b>D</sans_b>
						</td>
						<td text-align="center" text-valign="center" bgcolor="ECECED" width="16.6667%">
							<sans_b>E</sans_b>
						</td>
						<td text-align="center" text-valign="center" bgcolor="ECECED" width="16.6667%">
							<sans_b>F</sans_b>
						</td>
					</tr>
					<tr>
						<td>&#160;</td>
						<td>&#160;</td>
						<td>&#160;</td>
						<td>&#160;</td>
						<td>&#160;</td>
						<td>&#160;</td>
					</tr>
				</table>
			</td>
		</tr>
	</table>
	<table rel="task" border-style="none" numbered="">
		<tr>
			<td text-valign="top" text-align="center" width="60px">
				<blue_big rel="counter">5</blue_big>
			</td>
			<td text-valign="top" rel="content">
				<p modify-text-nodes="sans_b" margin_top="0">
					<image_block rel="icon" margin_right="4px" width="32px" height="32px"> <img url="Data/icons/pen.svg" /></image_block>
					<sans_b>Complete with: </sans_b>
					<blue_sans>jungle, diverse, intensely, holiday, wildlife, take, tree, deep, stimulate, significant, personal, annual</blue_sans>
					<sans_b>. Make sentences using the phrases.</sans_b>
				</p>
				<table border-style="none" width="100%">
					<tr rel="inner-task">
						<td text-valign="top" rel="content" modify-text-nodes="sans">
							<table border-style="none" width="100%" margin_top="0" margin_bottom="0">
								<tr rel="inner-task-item">
									<td text-valign="top" text-align="center" width="30px" modify-text-nodes="sans">
										<sans_b rel="counter">1</sans_b>
									</td>
									<td text-valign="top" modify-text-nodes="sans">
										<sans>..... photographer</sans>
									</td>
								</tr>
								<tr rel="inner-task-item">
									<td text-valign="top" text-align="center" width="30px" modify-text-nodes="sans">
										<sans_b rel="counter">2</sans_b>
									</td>
									<td text-valign="top" modify-text-nodes="sans">
										<sans>..... in the forests</sans>
									</td>
								</tr>
								<tr rel="inner-task-item">
									<td text-valign="top" text-align="center" width="30px" modify-text-nodes="sans">
										<sans_b rel="counter">3</sans_b>
									</td>
									<td text-valign="top" modify-text-nodes="sans">
										<sans>..... canopy</sans>
									</td>
								</tr>
								<tr rel="inner-task-item">
									<td text-valign="top" text-align="center" width="30px" modify-text-nodes="sans">
										<sans_b rel="counter">4</sans_b>
									</td>
									<td text-valign="top" modify-text-nodes="sans">
										<sans>..... floor</sans>
									</td>
								</tr>
								<tr rel="inner-task-item">
									<td text-valign="top" text-align="center" width="30px" modify-text-nodes="sans">
										<sans_b rel="counter">5</sans_b>
									</td>
									<td text-valign="top" modify-text-nodes="sans">
										<sans>..... awareness</sans>
									</td>
								</tr>
								<tr rel="inner-task-item">
									<td text-valign="top" text-align="center" width="30px" modify-text-nodes="sans">
										<sans_b rel="counter">6</sans_b>
									</td>
									<td text-valign="top" modify-text-nodes="sans">
										<sans>..... wildlife</sans>
									</td>
								</tr>
								<tr rel="inner-task-item">
									<td text-valign="top" text-align="center" width="30px" modify-text-nodes="sans">
										<sans_b rel="counter">7</sans_b>
									</td>
									<td text-valign="top" modify-text-nodes="sans">
										<sans>..... gathering</sans>
									</td>
								</tr>
								<tr rel="inner-task-item">
									<td text-valign="top" text-align="center" width="30px" modify-text-nodes="sans">
										<sans_b rel="counter">8</sans_b>
									</td>
									<td text-valign="top" modify-text-nodes="sans">
										<sans>..... on a project</sans>
									</td>
								</tr>
								<tr rel="inner-task-item">
									<td text-valign="top" text-align="center" width="30px" modify-text-nodes="sans">
										<sans_b rel="counter">9</sans_b>
									</td>
									<td text-valign="top" modify-text-nodes="sans">
										<sans>..... humid</sans>
									</td>
								</tr>
								<tr rel="inner-task-item">
									<td text-valign="top" text-align="center" width="30px" modify-text-nodes="sans">
										<sans_b rel="counter">10</sans_b>
									</td>
									<td text-valign="top" modify-text-nodes="sans">
										<sans>play a ..... role</sans>
									</td>
								</tr>
								<tr rel="inner-task-item">
									<td text-valign="top" text-align="center" width="30px" modify-text-nodes="sans">
										<sans_b rel="counter">11</sans_b>
									</td>
									<td text-valign="top" modify-text-nodes="sans">
										<sans>..... snapshots</sans>
									</td>
								</tr>
								<tr rel="inner-task-item">
									<td text-valign="top" text-align="center" width="30px" modify-text-nodes="sans">
										<sans_b rel="counter">12</sans_b>
									</td>
									<td text-valign="top" modify-text-nodes="sans">
										<sans>..... involvement</sans>
									</td>
								</tr>
							</table>
						</td>
					</tr>
				</table>
			</td>
		</tr>
	</table>
	<table rel="task" border-style="none">
		<tr>
			<td text-valign="top" text-align="center" width="60px">
				<blue_big rel="counter">6</blue_big>
			</td>
			<td text-valign="top" rel="content">
				<p modify-text-nodes="sans_b" margin_top="0">
					<sans_b>Explain the words in bold. Give the text another title.</sans_b>
				</p>
			</td>
		</tr>
	</table>
	<table border-style="none">
		<tr>
			<td text-valign="top" text-align="center" width="60px">&#160;</td>
			<td text-valign="top">
				<violet_sans_h2>Listening & Speaking</violet_sans_h2>
			</td>
		</tr>
	</table>
	<table rel="task" border-style="none">
		<tr>
			<td text-valign="top" text-align="center" width="60px">
				<blue_big rel="counter">7</blue_big>
			</td>
			<td text-valign="top" rel="content">
				<p modify-text-nodes="sans_b" margin_top="0">
					<image_block rel="icon" margin_right="4px" height="32px" width="42px"> <img url="Data/icons/headphones.svg" /></image_block>
					<sans_b>Listen as you read the text again. How does Frans feel about his job? What difficulties does he face while at work?</sans_b>
				</p>
			</td>
		</tr>
	</table>
	<table rel="task" border-style="none">
		<tr>
			<td text-valign="top" text-align="center" width="60px">
				<blue_big rel="counter">8</blue_big>
			</td>
			<td text-valign="top" rel="content">
				<p modify-text-nodes="sans_b" margin_top="0">
					<sans_b>Which of the following adjectives best describe Frans? Give reasons</sans_b>
				</p>
				<nobr rel="task-item" modify-text-nodes="sans">
					<sans>•&#160;determined&#160;&#160;</sans>
				</nobr>
				<text/>
				<nobr rel="task-item" modify-text-nodes="sans">
					<sans>•&#160;strong&#160;&#160;</sans>
				</nobr>
				<text/>
				<nobr rel="task-item" modify-text-nodes="sans">
					<sans>•&#160;brave&#160;&#160;</sans>
				</nobr>
				<text/>
				<nobr rel="task-item" modify-text-nodes="sans">
					<sans>•&#160;proud&#160;&#160;</sans>
				</nobr>
				<text/>
				<nobr rel="task-item" modify-text-nodes="sans">
					<sans>•&#160;sceptical&#160;&#160;</sans>
				</nobr>
				<text/>
				<nobr rel="task-item" modify-text-nodes="sans">
					<sans>•&#160;shy&#160;&#160;</sans>
				</nobr>
				<text/>
				<nobr rel="task-item" modify-text-nodes="sans">
					<sans>•&#160;confident&#160;&#160;</sans>
				</nobr>
				<text/>
				<nobr rel="task-item" modify-text-nodes="sans">
					<sans>•&#160;adventurous&#160;&#160;</sans>
				</nobr>
				<text/>
				<nobr rel="task-item" modify-text-nodes="sans">
					<sans>•&#160;impatient&#160;&#160;</sans>
				</nobr>
				<text/>
				<nobr rel="task-item" modify-text-nodes="sans">
					<sans>•&#160;insincere&#160;&#160;</sans>
				</nobr>
				<text/>
				<p modify-text-nodes="sans_b" margin_top="0">
					<sans_i>e.g. Frans is determined. He can spend hours every day waiting to get the best shot.</sans_i>
				</p>
			</td>
		</tr>
	</table>
	<table rel="task" border-style="none">
		<tr>
			<td text-valign="top" text-align="center" width="60px">
				<blue_big rel="counter">9</blue_big>
			</td>
			<td text-valign="top" rel="content">
				<p modify-text-nodes="sans_b" margin_top="0">
					<sans_b>Imagine you are Frans Lanting. Use the information in the text to present yourself to the class.</sans_b>
				</p>
			</td>
		</tr>
	</table>
	<table border-style="none">
		<tr>
			<td text-valign="top" text-align="center" width="60px">&#160;</td>
			<td text-valign="top">
				<violet_sans_h2>Writing</violet_sans_h2>
			</td>
		</tr>
	</table>
	<table rel="task" border-style="none">
		<tr>
			<td text-valign="top" text-align="center" width="60px">
				<blue_big rel="counter">10</blue_big>
			</td>
			<td text-valign="top" rel="content">
				<p modify-text-nodes="sans_b" margin_top="0">
					<image_block rel="icon" margin_right="4px" height="32px" width="56px"> <img url="Data/icons/think.svg" /></image_block>
					<sans_b>What qualities should a wildlife photographer have? In three minutes write a few sentences explaining why each quality is important. Read your sentences to the class.</sans_b>
				</p>
			</td>
		</tr>
	</table>

</paragraph>