<paragraph version="1.0" id="paragraph_01" module="1" unit="1" first-page="6">

	<page number="6" />
	<table border-style="none">
		<tr>
			<td>
				<image_block class="inner_left"> <img url="Data/images/headers/unit/1-1.png" /> </image_block>
			</td>
		</tr>
	</table>
	<table border-style="none">
		<tr>
			<td text-valign="top" text-align="center" width="60px">&#160;</td>
			<td text-valign="top">
				<violet_sans_h2>Lead in</violet_sans_h2>
			</td>
		</tr>
	</table>
	<table rel="task" border-style="none">
		<tr>
			<td text-valign="top" text-align="center" width="60px">
				<blue_big rel="counter">1</blue_big>
			</td>
			<td text-valign="top" rel="content">
				<p modify-text-nodes="sans_b" margin_top="0">
					<sans_b>Who’s the man at the Body Talk picture below? Which character does he portray? What is special about the character?</sans_b>
				</p>
			</td>
		</tr>
	</table>
	<table rel="task" border-style="none">
		<tr>
			<td text-valign="top" text-align="center" width="60px">
				<blue_big rel="counter">2</blue_big>
			</td>
			<td text-valign="top" rel="content">
				<p modify-text-nodes="sans_b" margin_top="0">
					<sans_b>Read the title of the text. How do you think this character is related to the text? Read through to find out.</sans_b>
				</p>
			</td>
		</tr>
	</table>
	<table border-style="none">
		<tr>
			<td text-valign="top" text-align="center" width="60px">&#160;</td>
			<td text-valign="top">
				<violet_sans_h2>Reading</violet_sans_h2>
			</td>
		</tr>
	</table>
	<table rel="task" border-style="none">
		<tr>
			<td text-valign="top" text-align="center" width="60px">
				<blue_big rel="counter">3</blue_big>
			</td>
			<td text-valign="top" rel="content">
				<p modify-text-nodes="sans_b" margin_top="0">
					<image_block rel="icon" margin_right="4px" width="32px" height="32px"> <img url="Data/icons/pen.svg" /></image_block>
					<image_block rel="icon" margin_right="4px" height="32px" width="52px"> <img url="Data/icons/rne.svg" /></image_block>
					<sans_b> Read the text and complete tasks 1-7. In each task choose number 1, 2, 3 or 4.</sans_b>
				</p>
				<p align="center" modify-text-nodes="sans_b">
					<image_block rel="image"> <img url="Data/images/6-1.png" /></image_block>
				</p>
				<p indent="2" margin_top="0">
					<sans>You will probably laugh when I tell you that my interest in body language was sparked by a favourite professor of mine at university. He mentioned ‘Pinocchio Syndrome’ to me one wintry morning after </sans>
					<sans_u>claiming</sans_u>
					<sans> that I always rubbed my nose when giving excuses for being late to his lectures. Apparently, when someone tells a lie, the person’s blood </sans>
					<sans_b>rushes</sans_b>
					<sans> to the nose and the extra blood makes it </sans>
					<sans_u>itchy</sans_u>
					<sans>. So if you think someone is not being entirely honest with you, perhaps like my professor you should watch to see if they </sans>
					<sans_b>scratch</sans_b>
					<sans> their nose! This little example of non-verbal communication inspired me to become a body language expert.</sans>
				</p>
				<p indent="2" margin_top="0">
					<sans>Now, I earn my living by training people in non-verbal communication. Knowing when someone is lying and knowing how to </sans>
					<sans_b>convince</sans_b>
					<sans> people you’re telling the truth are two of the most important skills you’ll ever learn. For example, lawyers build their reputation on their deductive skills when cross-examining in court, while politicians need to rely on their powers of persuasion to gain support.</sans>
				</p>
				<p indent="2" margin_top="0">
					<sans>I have dedicated my life to studying the ways the human body gives more </sans>
					<sans_b>reliable</sans_b>
					<sans> information than the words we speak. The words say one thing but the body may say something completely different. This is the theory of body language and most of us are familiar with the </sans>
					<sans_b>basics</sans_b>
					<sans>. We know that crossed arms can be seen as either </sans>
					<sans_u>defensive</sans_u>
					<sans> or aggressive, but what about facial expressions, gestures, </sans>
					<sans_u>posture</sans_u>
					<sans>, and the intonation and rhythm of our speech? All of these </sans>
					<sans_u>speak volumes</sans_u>
					<sans> and can be understood if you only know how to make sense of the signs.</sans>
				</p>
				<p indent="2" margin_top="0">
					<sans>Take the eyes, for example. If I told you a lie, you would probably expect me to look away rather than look you full in the face. However, this is not, as commonly thought, the sure sign of a lie, but the reflexive </sans>
					<sans_u>movements</sans_u>
					<sans> we make when we are trying to remember something. Because of this, glancing away is not as easy to </sans>
					<sans_b>interpret</sans_b>
					<sans> as you might believe. A good liar is not searching his memory for the truth, so he can quite easily look you straight in the eyes as he speaks to make the lie more </sans>
					<sans_b>convincing</sans_b>
					<sans>. Here’s a tip, though. Watch the pupil of the eye; does it change size? If it gets bigger, this is probably an </sans>
					<sans_b>involuntary sign</sans_b>
					<sans> that something is being hidden.</sans>
				</p>
				<p indent="2" margin_top="0">
					<sans>Body language is something that the majority of us cannot control; it’s what escapes when we’re </sans>
					<sans_b>concentrating on</sans_b>
					<sans> something else. I might think I’m creating a good impression because my voice is strong and steady and my speech is clear, but the sweat pouring off my forehead and my constantly moving feet say otherwise.</sans>
				</p>
				<p indent="2" margin_top="0">
					<sans>Business clients are constantly in need of my services and I try to improve their confidence in themselves by teaching them about body language. I give advice about handshakes, which should always be firm and steady, and I teach the importance of personal space, explaining that people who live in warm climates stand a lot closer to one another than people in cooler climates. They may seem like minor matters, but these codes of behaviour can be the </sans>
					<sans_b>key</sans_b>
					<sans> to making or </sans>
					<sans_u>breaking a business deal</sans_u>
					<sans>.</sans>
				</p>
				<p indent="2" margin_top="0">
					<sans>My working life gives me a great deal of satisfaction. I feel that I’m providing a public service, but it is a service that has had its </sans>
					<sans_u>downside</sans_u>
					<sans>. Whenever I meet someone new and I tell them what I do for a living, they immediately </sans>
					<sans_u>put their guard up</sans_u>
					<sans> and they’re no longer relaxed. They quite literally freeze in the </sans>
					<sans_u>attempt</sans_u>
					<sans> to hide all the signals that they </sans>
					<sans_b>assume</sans_b>
					<sans> I’m reading. It makes life difficult at times, but I consider it a small price to pay for a job I enjoy so much.</sans>
				</p>
				<table border-style="none" rel="study-skills">
					<tr>
						<td>
							<media_container padding_left="16px" padding_top="12px" padding_right="16px" padding_bottom="16px">
								<blue_sans_b>Study Skills</blue_sans_b>
							</media_container>
						</td>
					</tr>
					<tr>
						<td border-style="solid" border-color="150959" border-size="2px">
							<media_container padding_left="16px" padding_top="12px" padding_right="16px" padding_bottom="16px" rel="content">
								<p margin_top="0" modify-text-nodes="sans_b">
									<sans_b>Multiple choice</sans_b>
								</p>
								<p modify-text-nodes="sans" margin_top="0">
									<sans>Read the text quickly to get an idea of what it is about. Read the statement stem, then find the part of the text which the statement refers to. Go through the choices and choose the one that fits best. The information might be rephrased.</sans>
								</p>
							</media_container>
						</td>
					</tr>
				</table>
				<table border-style="none" bgcolor="DFEEEE" width="100%">
					<tr rel="inner-task">
						<td text-valign="top" text-align="center" width="30px" modify-text-nodes="sans">
							<sans_b rel="counter">1</sans_b>
						</td>
						<td text-valign="top" rel="content" modify-text-nodes="sans">
							<p modify-text-nodes="sans" margin_top="0">
								<sans>Why did the writer originally become interested in body language?</sans>
							</p>
							<table border-style="none" width="100%" margin_top="0" margin_bottom="0">
								<tr rel="inner-task-item">
									<td text-valign="top" text-align="center" width="30px" modify-text-nodes="sans">
										<sans_b rel="counter">1</sans_b>
									</td>
									<td text-valign="top" modify-text-nodes="sans">
										<sans>Someone made a comment to him.</sans>
									</td>
								</tr>
								<tr rel="inner-task-item">
									<td text-valign="top" text-align="center" width="30px" modify-text-nodes="sans">
										<sans_b rel="counter">2</sans_b>
									</td>
									<td text-valign="top" modify-text-nodes="sans">
										<sans>He wanted to know why people tell lies.</sans>
									</td>
								</tr>
								<tr rel="inner-task-item">
									<td text-valign="top" text-align="center" width="30px" modify-text-nodes="sans">
										<sans_b rel="counter">3</sans_b>
									</td>
									<td text-valign="top" modify-text-nodes="sans">
										<sans>He wanted to learn more about ‘Pinocchio Syndrome’.</sans>
									</td>
								</tr>
								<tr rel="inner-task-item">
									<td text-valign="top" text-align="center" width="30px" modify-text-nodes="sans">
										<sans_b rel="counter">4</sans_b>
									</td>
									<td text-valign="top" modify-text-nodes="sans">
										<sans>His professor recommended the subject to him.</sans>
									</td>
								</tr>
							</table>
						</td>
					</tr>
					<tr rel="inner-task">
						<td text-valign="top" text-align="center" width="30px" modify-text-nodes="sans">
							<sans_b rel="counter">2</sans_b>
						</td>
						<td text-valign="top" rel="content" modify-text-nodes="sans">
							<p modify-text-nodes="sans" margin_top="0">
								<sans>According to the writer, non-verbal communication is important because</sans>
							</p>
							<table border-style="none" width="100%" margin_top="0" margin_bottom="0">
								<tr rel="inner-task-item">
									<td text-valign="top" text-align="center" width="30px" modify-text-nodes="sans">
										<sans_b rel="counter">1</sans_b>
									</td>
									<td text-valign="top" modify-text-nodes="sans">
										<sans>it helps lawyers to be more skilful.</sans>
									</td>
								</tr>
								<tr rel="inner-task-item">
									<td text-valign="top" text-align="center" width="30px" modify-text-nodes="sans">
										<sans_b rel="counter">2</sans_b>
									</td>
									<td text-valign="top" modify-text-nodes="sans">
										<sans>politicians need to know when people are lying.</sans>
									</td>
								</tr>
								<tr rel="inner-task-item">
									<td text-valign="top" text-align="center" width="30px" modify-text-nodes="sans">
										<sans_b rel="counter">3</sans_b>
									</td>
									<td text-valign="top" modify-text-nodes="sans">
										<sans>it can help make people believe what you tell them.</sans>
									</td>
								</tr>
								<tr rel="inner-task-item">
									<td text-valign="top" text-align="center" width="30px" modify-text-nodes="sans">
										<sans_b rel="counter">4</sans_b>
									</td>
									<td text-valign="top" modify-text-nodes="sans">
										<sans>it provides a unique way of earning one’s living.</sans>
									</td>
								</tr>
							</table>
						</td>
					</tr>
					<tr rel="inner-task">
						<td text-valign="top" text-align="center" width="30px" modify-text-nodes="sans">
							<sans_b rel="counter">3</sans_b>
						</td>
						<td text-valign="top" rel="content" modify-text-nodes="sans">
							<p modify-text-nodes="sans" margin_top="0">
								<sans>What does the writer assume about his readers?</sans>
							</p>
							<table border-style="none" width="100%" margin_top="0" margin_bottom="0">
								<tr rel="inner-task-item">
									<td text-valign="top" text-align="center" width="30px" modify-text-nodes="sans">
										<sans_b rel="counter">1</sans_b>
									</td>
									<td text-valign="top" modify-text-nodes="sans">
										<sans>They are able to change their intonation.</sans>
									</td>
								</tr>
								<tr rel="inner-task-item">
									<td text-valign="top" text-align="center" width="30px" modify-text-nodes="sans">
										<sans_b rel="counter">2</sans_b>
									</td>
									<td text-valign="top" modify-text-nodes="sans">
										<sans>They need to develop good posture.</sans>
									</td>
								</tr>
								<tr rel="inner-task-item">
									<td text-valign="top" text-align="center" width="30px" modify-text-nodes="sans">
										<sans_b rel="counter">3</sans_b>
									</td>
									<td text-valign="top" modify-text-nodes="sans">
										<sans>They use only words to communicate.</sans>
									</td>
								</tr>
								<tr rel="inner-task-item">
									<td text-valign="top" text-align="center" width="30px" modify-text-nodes="sans">
										<sans_b rel="counter">4</sans_b>
									</td>
									<td text-valign="top" modify-text-nodes="sans">
										<sans>They know something about the subject.</sans>
									</td>
								</tr>
							</table>
						</td>
					</tr>
					<tr rel="inner-task">
						<td text-valign="top" text-align="center" width="30px" modify-text-nodes="sans">
							<sans_b rel="counter">4</sans_b>
						</td>
						<td text-valign="top" rel="content" modify-text-nodes="sans">
							<p modify-text-nodes="sans" margin_top="0">
								<sans>The writer feels it is not easy to recognise when someone is lying because</sans>
							</p>
							<table border-style="none" width="100%" margin_top="0" margin_bottom="0">
								<tr rel="inner-task-item">
									<td text-valign="top" text-align="center" width="30px" modify-text-nodes="sans">
										<sans_b rel="counter">1</sans_b>
									</td>
									<td text-valign="top" modify-text-nodes="sans">
										<sans>they have an honest look on their face.</sans>
									</td>
								</tr>
								<tr rel="inner-task-item">
									<td text-valign="top" text-align="center" width="30px" modify-text-nodes="sans">
										<sans_b rel="counter">2</sans_b>
									</td>
									<td text-valign="top" modify-text-nodes="sans">
										<sans>they move their eyes very rapidly.</sans>
									</td>
								</tr>
								<tr rel="inner-task-item">
									<td text-valign="top" text-align="center" width="30px" modify-text-nodes="sans">
										<sans_b rel="counter">3</sans_b>
									</td>
									<td text-valign="top" modify-text-nodes="sans">
										<sans>listeners can read body language incorrectly.</sans>
									</td>
								</tr>
								<tr rel="inner-task-item">
									<td text-valign="top" text-align="center" width="30px" modify-text-nodes="sans">
										<sans_b rel="counter">4</sans_b>
									</td>
									<td text-valign="top" modify-text-nodes="sans">
										<sans>listeners do not look into their eyes.</sans>
									</td>
								</tr>
							</table>
						</td>
					</tr>
					<tr rel="inner-task">
						<td text-valign="top" text-align="center" width="30px" modify-text-nodes="sans">
							<sans_b rel="counter">5</sans_b>
						</td>
						<td text-valign="top" rel="content" modify-text-nodes="sans">
							<p modify-text-nodes="sans" margin_top="0">
								<sans>The most important thing for businessmen to learn is the</sans>
							</p>
							<table border-style="none" width="100%" margin_top="0" margin_bottom="0">
								<tr rel="inner-task-item">
									<td text-valign="top" text-align="center" width="30px" modify-text-nodes="sans">
										<sans_b rel="counter">1</sans_b>
									</td>
									<td text-valign="top" modify-text-nodes="sans">
										<sans>laws of a particular country.</sans>
									</td>
								</tr>
								<tr rel="inner-task-item">
									<td text-valign="top" text-align="center" width="30px" modify-text-nodes="sans">
										<sans_b rel="counter">2</sans_b>
									</td>
									<td text-valign="top" modify-text-nodes="sans">
										<sans>correct way to behave.</sans>
									</td>
								</tr>
								<tr rel="inner-task-item">
									<td text-valign="top" text-align="center" width="30px" modify-text-nodes="sans">
										<sans_b rel="counter">3</sans_b>
									</td>
									<td text-valign="top" modify-text-nodes="sans">
										<sans>necessity of being polite.</sans>
									</td>
								</tr>
								<tr rel="inner-task-item">
									<td text-valign="top" text-align="center" width="30px" modify-text-nodes="sans">
										<sans_b rel="counter">4</sans_b>
									</td>
									<td text-valign="top" modify-text-nodes="sans">
										<sans>skill of appearing confident.</sans>
									</td>
								</tr>
							</table>
						</td>
					</tr>
					<tr rel="inner-task">
						<td text-valign="top" text-align="center" width="30px" modify-text-nodes="sans">
							<sans_b rel="counter">6</sans_b>
						</td>
						<td text-valign="top" rel="content" modify-text-nodes="sans">
							<p modify-text-nodes="sans" margin_top="0">
								<sans>People react in a negative way when they meet the writer because they</sans>
							</p>
							<table border-style="none" width="100%" margin_top="0" margin_bottom="0">
								<tr rel="inner-task-item">
									<td text-valign="top" text-align="center" width="30px" modify-text-nodes="sans">
										<sans_b rel="counter">1</sans_b>
									</td>
									<td text-valign="top" modify-text-nodes="sans">
										<sans>think he is too self-confident.</sans>
									</td>
								</tr>
								<tr rel="inner-task-item">
									<td text-valign="top" text-align="center" width="30px" modify-text-nodes="sans">
										<sans_b rel="counter">2</sans_b>
									</td>
									<td text-valign="top" modify-text-nodes="sans">
										<sans>assume that he is always lying.</sans>
									</td>
								</tr>
								<tr rel="inner-task-item">
									<td text-valign="top" text-align="center" width="30px" modify-text-nodes="sans">
										<sans_b rel="counter">3</sans_b>
									</td>
									<td text-valign="top" modify-text-nodes="sans">
										<sans>have heard about him previously.</sans>
									</td>
								</tr>
								<tr rel="inner-task-item">
									<td text-valign="top" text-align="center" width="30px" modify-text-nodes="sans">
										<sans_b rel="counter">4</sans_b>
									</td>
									<td text-valign="top" modify-text-nodes="sans">
										<sans>believe he is studying them.</sans>
									</td>
								</tr>
							</table>
						</td>
					</tr>
				</table>
				<table border-style="none" bgcolor="DFEEEE" width="100%">
					<tr rel="inner-task">
						<td text-valign="top" text-align="center" width="30px" modify-text-nodes="sans">
							<sans_b rel="counter">7</sans_b>
						</td>
						<td text-valign="top" rel="content" modify-text-nodes="sans">
							<p modify-text-nodes="sans" margin_top="0">
								<sans>What do we learn about the writer from the passage?</sans>
							</p>
							<table border-style="none" width="100%" margin_top="0" margin_bottom="0">
								<tr rel="inner-task-item">
									<td text-valign="top" text-align="center" width="30px" modify-text-nodes="sans">
										<sans_b rel="counter">1</sans_b>
									</td>
									<td text-valign="top" modify-text-nodes="sans">
										<sans>He makes a lot of money from his job.</sans>
									</td>
								</tr>
								<tr rel="inner-task-item">
									<td text-valign="top" text-align="center" width="30px" modify-text-nodes="sans">
										<sans_b rel="counter">2</sans_b>
									</td>
									<td text-valign="top" modify-text-nodes="sans">
										<sans>He travels the world giving advice.</sans>
									</td>
								</tr>
								<tr rel="inner-task-item">
									<td text-valign="top" text-align="center" width="30px" modify-text-nodes="sans">
										<sans_b rel="counter">3</sans_b>
									</td>
									<td text-valign="top" modify-text-nodes="sans">
										<sans>He is dedicated to his work.</sans>
									</td>
								</tr>
								<tr rel="inner-task-item">
									<td text-valign="top" text-align="center" width="30px" modify-text-nodes="sans">
										<sans_b rel="counter">4</sans_b>
									</td>
									<td text-valign="top" modify-text-nodes="sans">
										<sans>He trains body language experts.</sans>
									</td>
								</tr>
							</table>
						</td>
					</tr>
				</table>
			</td>
		</tr>
	</table>

	<page number="7" />
	<table rel="task" border-style="none">
		<tr>
			<td text-valign="top" text-align="center" width="60px">
				<blue_big rel="counter">4</blue_big>
			</td>
			<td text-valign="top" rel="content">
				<p modify-text-nodes="sans_b" margin_top="0">
					<sans_b>Match the words/phrases in bold from the text to their definitions: </sans_b>
					<blue_sans>likely to be correct, moves quickly, simplest ideas, understand the meaning, make someone believe something is true, rub fingernails against the skin, unconscious physical response, suppose, believable, focusing on, the deciding factor</blue_sans>
					<sans_b>. Then, explain the underlined words/phrases.</sans_b>
				</p>
			</td>
		</tr>
	</table>
	<table rel="task" border-style="none" numbered="">
		<tr>
			<td text-valign="top" text-align="center" width="60px">
				<blue_big rel="counter">5</blue_big>
			</td>
			<td text-valign="top" rel="content">
				<p modify-text-nodes="sans_b" margin_top="0">
					<image_block rel="icon" margin_right="4px" width="32px" height="32px"> <img url="Data/icons/pen.svg" /></image_block>
					<sans_b>Complete with: </sans_b>
					<blue_sans>build, improve, facial, business, nonverbal, powers, crossed, body language, space, minor</blue_sans>
					<sans_b>. Make sentences based on the text, using the phrases.</sans_b>
				</p>
				<table border-style="none" width="100%">
					<tr rel="inner-task">
						<td text-valign="top" rel="content" modify-text-nodes="sans">
							<table border-style="none" width="100%" margin_top="0" margin_bottom="0">
								<tr rel="inner-task-item">
									<td text-valign="top" text-align="center" width="30px" modify-text-nodes="sans">
										<sans_b rel="counter">1</sans_b>
									</td>
									<td text-valign="top" modify-text-nodes="sans">
										<sans>..... communication</sans>
									</td>
								</tr>
								<tr rel="inner-task-item">
									<td text-valign="top" text-align="center" width="30px" modify-text-nodes="sans">
										<sans_b rel="counter">2</sans_b>
									</td>
									<td text-valign="top" modify-text-nodes="sans">
										<sans>..... expert</sans>
									</td>
								</tr>
								<tr rel="inner-task-item">
									<td text-valign="top" text-align="center" width="30px" modify-text-nodes="sans">
										<sans_b rel="counter">3</sans_b>
									</td>
									<td text-valign="top" modify-text-nodes="sans">
										<sans>..... one’s reputation</sans>
									</td>
								</tr>
								<tr rel="inner-task-item">
									<td text-valign="top" text-align="center" width="30px" modify-text-nodes="sans">
										<sans_b rel="counter">4</sans_b>
									</td>
									<td text-valign="top" modify-text-nodes="sans">
										<sans>..... of persuasion</sans>
									</td>
								</tr>
								<tr rel="inner-task-item">
									<td text-valign="top" text-align="center" width="30px" modify-text-nodes="sans">
										<sans_b rel="counter">5</sans_b>
									</td>
									<td text-valign="top" modify-text-nodes="sans">
										<sans>..... one’s confidence</sans>
									</td>
								</tr>
								<tr rel="inner-task-item">
									<td text-valign="top" text-align="center" width="30px" modify-text-nodes="sans">
										<sans_b rel="counter">6</sans_b>
									</td>
									<td text-valign="top" modify-text-nodes="sans">
										<sans>..... arms</sans>
									</td>
								</tr>
								<tr rel="inner-task-item">
									<td text-valign="top" text-align="center" width="30px" modify-text-nodes="sans">
										<sans_b rel="counter">7</sans_b>
									</td>
									<td text-valign="top" modify-text-nodes="sans">
										<sans>..... expressions</sans>
									</td>
								</tr>
								<tr rel="inner-task-item">
									<td text-valign="top" text-align="center" width="30px" modify-text-nodes="sans">
										<sans_b rel="counter">8</sans_b>
									</td>
									<td text-valign="top" modify-text-nodes="sans">
										<sans>personal .....</sans>
									</td>
								</tr>
								<tr rel="inner-task-item">
									<td text-valign="top" text-align="center" width="30px" modify-text-nodes="sans">
										<sans_b rel="counter">9</sans_b>
									</td>
									<td text-valign="top" modify-text-nodes="sans">
										<sans>..... matters</sans>
									</td>
								</tr>
								<tr rel="inner-task-item">
									<td text-valign="top" text-align="center" width="30px" modify-text-nodes="sans">
										<sans_b rel="counter">10</sans_b>
									</td>
									<td text-valign="top" modify-text-nodes="sans">
										<sans>..... deal</sans>
									</td>
								</tr>
							</table>
						</td>
					</tr>
				</table>
			</td>
		</tr>
	</table>
	<table border-style="none">
		<tr>
			<td text-valign="top" text-align="center" width="60px">&#160;</td>
			<td text-valign="top">
				<violet_sans_h2>Speaking & Writing</violet_sans_h2>
			</td>
		</tr>
	</table>
	<table rel="task" border-style="none">
		<tr>
			<td text-valign="top" text-align="center" width="60px">
				<blue_big rel="counter">6</blue_big>
			</td>
			<td text-valign="top" rel="content">
				<p modify-text-nodes="sans_b" margin_top="0">
					<image_block rel="icon" margin_right="4px" height="32px" width="42px"> <img url="Data/icons/headphones.svg" /></image_block>
					<image_block rel="icon" margin_right="4px" height="32px" width="56px"> <img url="Data/icons/think.svg" /></image_block>
					<sans_b>Listen as you read the text again. How does the writer feel about his job? Give reasons based on the text. Would you ever choose to do this kind of job? Why/Why not?</sans_b>
				</p>
			</td>
		</tr>
	</table>
	<table rel="task" border-style="none">
		<tr>
			<td text-valign="top" text-align="center" width="60px">
				<blue_big rel="counter">7</blue_big>
			</td>
			<td text-valign="top" rel="content">
				<p modify-text-nodes="sans_b" margin_top="0">
					<sans_bi>Project</sans_bi>
					<sans_b>: What gestures do people in your country use to show anger, joy, worry, regret, annoyance and other emotions? Collect as much information as you can and prepare a presentation for the class. Use photographs to illustrate your work.</sans_b>
				</p>
			</td>
		</tr>
	</table>

</paragraph>