<paragraph version="1.0" id="paragraph_23" module="4" unit="4" first-page="110">

	<page number="110" />
	<table border-style="none">
		<tr>
			<td>
				<image_block class="inner_left"> <img url="Data/images/headers/unit/4-4.png" /> </image_block>
			</td>
		</tr>
	</table>
	<table border-style="none">
		<tr>
			<td text-valign="top" text-align="center" width="60px">&#160;</td>
			<td text-valign="top">
				<violet_sans_h2>Lead-in</violet_sans_h2>
			</td>
		</tr>
	</table>
	<table border-style="none">
		<tr>
			<td text-valign="top" text-align="center" width="60px">&#160;</td>
			<td text-valign="top" rel="unit-h3" modify-text-nodes="violet_sans_h3">
				<violet_sans_h3>• Travel</violet_sans_h3>
			</td>
		</tr>
	</table>
	<table rel="task" border-style="none" numbered="">
		<tr>
			<td text-valign="top" text-align="center" width="60px">
				<blue_big rel="counter">1</blue_big>
			</td>
			<td text-valign="top" rel="content">
				<image_block rel="image" class="inner"> <img url="Data/images/110-1.png" /></image_block>
				<p modify-text-nodes="sans_b" margin_top="0">
					<sans_b>Choose the correct word. Then translate the sentences into Russian.</sans_b>
				</p>
				<table border-style="none" width="100%">
					<tr rel="inner-task">
						<td text-valign="top" rel="content" modify-text-nodes="sans">
							<table border-style="none" width="100%" margin_top="0" margin_bottom="0">
								<tr rel="inner-task-item">
									<td text-valign="top" text-align="center" width="30px" modify-text-nodes="sans">
										<sans_b rel="counter">1</sans_b>
									</td>
									<td text-valign="top" modify-text-nodes="sans">
										<sans>Greece is one of the best places to go to visit </sans>
										<sans_b>aged/antique/ancient/archaic</sans_b>
										<sans> ruins.</sans>
									</td>
								</tr>
								<tr rel="inner-task-item">
									<td text-valign="top" text-align="center" width="30px" modify-text-nodes="sans">
										<sans_b rel="counter">2</sans_b>
									</td>
									<td text-valign="top" modify-text-nodes="sans">
										<sans>The beautiful hotel grounds had </sans>
										<sans_b>lush/unique/scenic/rich</sans_b>
										<sans> vegetation.</sans>
									</td>
								</tr>
								<tr rel="inner-task-item">
									<td text-valign="top" text-align="center" width="30px" modify-text-nodes="sans">
										<sans_b rel="counter">3</sans_b>
									</td>
									<td text-valign="top" modify-text-nodes="sans">
										<sans>There are few countries in Europe where you need to exchange </sans>
										<sans_b>cash/currency/money/notes</sans_b>
										<sans> these days.</sans>
									</td>
								</tr>
								<tr rel="inner-task-item">
									<td text-valign="top" text-align="center" width="30px" modify-text-nodes="sans">
										<sans_b rel="counter">4</sans_b>
									</td>
									<td text-valign="top" modify-text-nodes="sans">
										<sans>We had a fantastic </sans>
										<sans_b>look/sight/view/scenery</sans_b>
										<sans> from our hotel’s roof.</sans>
									</td>
								</tr>
								<tr rel="inner-task-item">
									<td text-valign="top" text-align="center" width="30px" modify-text-nodes="sans">
										<sans_b rel="counter">5</sans_b>
									</td>
									<td text-valign="top" modify-text-nodes="sans">
										<sans>A large number of tourists go on </sans>
										<sans_b>packed/charter/pocket/package</sans_b>
										<sans> tours every year.</sans>
									</td>
								</tr>
								<tr rel="inner-task-item">
									<td text-valign="top" text-align="center" width="30px" modify-text-nodes="sans">
										<sans_b rel="counter">6</sans_b>
									</td>
									<td text-valign="top" modify-text-nodes="sans">
										<sans>In America you have to pay a tax on any </sans>
										<sans_b>remote/external/foreign/alien</sans_b>
										<sans> goods you buy on holiday.</sans>
									</td>
								</tr>
								<tr rel="inner-task-item">
									<td text-valign="top" text-align="center" width="30px" modify-text-nodes="sans">
										<sans_b rel="counter">7</sans_b>
									</td>
									<td text-valign="top" modify-text-nodes="sans">
										<sans>What </sans>
										<sans_b>directs/affects/influences/controls</sans_b>
										<sans> your decision about where to go on holiday?</sans>
									</td>
								</tr>
								<tr rel="inner-task-item">
									<td text-valign="top" text-align="center" width="30px" modify-text-nodes="sans">
										<sans_b rel="counter">8</sans_b>
									</td>
									<td text-valign="top" modify-text-nodes="sans">
										<sans>England is a place of outstanding </sans>
										<sans_b>natural/real/genuine/unaffected</sans_b>
										<sans> beauty.</sans>
									</td>
								</tr>
								<tr rel="inner-task-item">
									<td text-valign="top" text-align="center" width="30px" modify-text-nodes="sans">
										<sans_b rel="counter">9</sans_b>
									</td>
									<td text-valign="top" modify-text-nodes="sans">
										<sans>Tom hopes to see some </sans>
										<sans_b>strange/rare/odd/unusual</sans_b>
										<sans> birds on his holiday.</sans>
									</td>
								</tr>
								<tr rel="inner-task-item">
									<td text-valign="top" text-align="center" width="30px" modify-text-nodes="sans">
										<sans_b rel="counter">10</sans_b>
									</td>
									<td text-valign="top" modify-text-nodes="sans">
										<sans>Plane </sans>
										<sans_b>tickets/fares/fees/charges</sans_b>
										<sans> are becoming so expensive, I may</sans>
									</td>
								</tr>
							</table>
						</td>
					</tr>
				</table>
			</td>
		</tr>
	</table>
	<table rel="task" border-style="none" numbered="">
		<tr>
			<td text-valign="top" text-align="center" width="60px">
				<blue_big rel="counter">2</blue_big>
			</td>
			<td text-valign="top" rel="content">
				<p modify-text-nodes="sans_b" margin_top="0">
					<image_block rel="icon" margin_right="4px" width="32px" height="32px"> <img url="Data/icons/pen.svg" /></image_block>
					<sans_b>Listen to two people trying to decide where to go on holiday. Which place do they decide to go to? Why?</sans_b>
				</p>
				<table border-style="none" width="100%">
					<tr rel="inner-task">
						<td text-valign="top" rel="content" modify-text-nodes="sans">
							<table border-style="none" width="100%" margin_top="0" margin_bottom="0">
								<tr rel="inner-task-item">
									<td text-valign="top" text-align="center" width="30px" modify-text-nodes="sans">
										<sans_b rel="counter">1</sans_b>
									</td>
									<td text-valign="top" modify-text-nodes="sans">
										<sans>There was a long line of traffic waiting to cross the US/Mexico ..... .</sans>
									</td>
								</tr>
								<tr rel="inner-task-item">
									<td text-valign="top" text-align="center" width="30px" modify-text-nodes="sans">
										<sans_b rel="counter">2</sans_b>
									</td>
									<td text-valign="top" modify-text-nodes="sans">
										<sans>Sally lived a long way away, right on the ..... of town.</sans>
									</td>
								</tr>
								<tr rel="inner-task-item">
									<td text-valign="top" text-align="center" width="30px" modify-text-nodes="sans">
										<sans_b rel="counter">3</sans_b>
									</td>
									<td text-valign="top" modify-text-nodes="sans">
										<sans>The forest served as a natural ..... between the two countries.</sans>
									</td>
								</tr>
							</table>
						</td>
					</tr>
				</table>
			</td>
		</tr>
	</table>
	<table border-style="none">
		<tr>
			<td text-valign="top" text-align="center" width="60px">&#160;</td>
			<td text-valign="top">
				<violet_sans_h2>Listening & Speaking</violet_sans_h2>
			</td>
		</tr>
	</table>
	<table rel="task" border-style="none">
		<tr>
			<td text-valign="top" text-align="center" width="60px">
				<blue_big rel="counter">3</blue_big>
			</td>
			<td text-valign="top" rel="content">
				<p modify-text-nodes="sans_b" margin_top="0">
					<image_block rel="icon" margin_right="4px" height="32px" width="42px"> <img url="Data/icons/headphones.svg" /></image_block>
					<sans_b>Listen to two people trying to decide where to go on holiday. Which place do they decide to go to? Why?</sans_b>
				</p>
			</td>
		</tr>
	</table>
	<table border-style="none">
		<tr>
			<td text-valign="top" text-align="center" width="60px">&#160;</td>
			<td text-valign="top">
				<violet_sans_h2>Everyday English</violet_sans_h2>
			</td>
		</tr>
	</table>
	<table border-style="none">
		<tr>
			<td text-valign="top" text-align="center" width="60px">&#160;</td>
			<td text-valign="top" rel="unit-h3" modify-text-nodes="violet_sans_h3">
				<violet_sans_h3>• Reaching a decision</violet_sans_h3>
			</td>
		</tr>
	</table>
	<table rel="task" border-style="none">
		<tr>
			<td text-valign="top" text-align="center" width="60px">
				<blue_big rel="counter">4</blue_big>
			</td>
			<td text-valign="top" rel="content">
				<p modify-text-nodes="sans_b" margin_top="0">
					<sans_b>Work in pairs and use the language below to decide where to go on holiday.</sans_b>
				</p>
				<table width="100%" border-size="3px" border-color="0087BF" rel="everyday-english-table">
					<tr>
						<td width="50%" text-align="center" text-valign="center" bgcolor="A2D0E9">
							<sans_b>Making suggestions</sans_b>
						</td>
						<td width="50%" text-align="center" text-valign="center" bgcolor="A2D0E9">
							<sans_b>Accepting/Rejecting</sans_b>
						</td>
					</tr>
					<tr>
						<td text-valign="top">
							<media_container padding_left="10px">
								<p modify-text-nodes="sans" margin_top="0">
									<sans>• Let’s ..., shall we?</sans>
								</p>
								<p modify-text-nodes="sans" margin_top="0">
									<sans>• Don’t you think ...?</sans>
								</p>
								<p modify-text-nodes="sans" margin_top="0">
									<sans>• How/What about ...?</sans>
								</p>
								<p modify-text-nodes="sans" margin_top="0">
									<sans>• I fancy ...</sans>
								</p>
								<p modify-text-nodes="sans" margin_top="0">
									<sans>• Why don’t we ...?</sans>
								</p>
							</media_container>
						</td>
						<td text-valign="top">
							<media_container padding_left="10px">
								<p modify-text-nodes="sans" margin_top="0">
									<sans>• We could ... I suppose.</sans>
								</p>
								<p modify-text-nodes="sans" margin_top="0">
									<sans>• It does sound interesting/fun ... etc</sans>
								</p>
								<p modify-text-nodes="sans" margin_top="0">
									<sans>• It looks interesting, but ...</sans>
								</p>
								<p modify-text-nodes="sans" margin_top="0">
									<sans>• I’m not that keen on ...</sans>
								</p>
								<p modify-text-nodes="sans" margin_top="0">
									<sans>• I’d love to (but) ...</sans>
								</p>
							</media_container>
						</td>
					</tr>
				</table>
			</td>
		</tr>
	</table>
	<table rel="task" border-style="none" numbered="">
		<tr>
			<td text-valign="top" text-align="center" width="60px">
				<blue_big rel="counter">5</blue_big>
			</td>
			<td text-valign="top" rel="content">
				<p modify-text-nodes="sans_b" margin_top="0">
					<sans_b>Choose the correct word.</sans_b>
				</p>
				<table border-style="none" width="100%">
					<tr rel="inner-task">
						<td text-valign="top" rel="content" modify-text-nodes="sans">
							<table border-style="none" width="100%" margin_top="0" margin_bottom="0">
								<tr rel="inner-task-item">
									<td text-valign="top" text-align="center" width="30px" modify-text-nodes="sans">
										<sans_b rel="counter">1</sans_b>
									</td>
									<td text-valign="top" modify-text-nodes="sans">
										<sans>They showed their boarding </sans>
										<sans_b>cards/tickets</sans_b>
										<sans> to the air steward and took their seats.</sans>
									</td>
								</tr>
								<tr rel="inner-task-item">
									<td text-valign="top" text-align="center" width="30px" modify-text-nodes="sans">
										<sans_b rel="counter">2</sans_b>
									</td>
									<td text-valign="top" modify-text-nodes="sans">
										<sans>Most flights only allow one piece of </sans>
										<sans_b>hand/arm</sans_b>
										<sans> luggage.</sans>
									</td>
								</tr>
								<tr rel="inner-task-item">
									<td text-valign="top" text-align="center" width="30px" modify-text-nodes="sans">
										<sans_b rel="counter">3</sans_b>
									</td>
									<td text-valign="top" modify-text-nodes="sans">
										<sans>The best way to really see a place is to take a bus </sans>
										<sans_b>ride/tour</sans_b>
										<sans> to different areas.</sans>
									</td>
								</tr>
								<tr rel="inner-task-item">
									<td text-valign="top" text-align="center" width="30px" modify-text-nodes="sans">
										<sans_b rel="counter">4</sans_b>
									</td>
									<td text-valign="top" modify-text-nodes="sans">
										<sans>There are often long queues at passport </sans>
										<sans_b>checkout/control</sans_b>
										<sans>.</sans>
									</td>
								</tr>
								<tr rel="inner-task-item">
									<td text-valign="top" text-align="center" width="30px" modify-text-nodes="sans">
										<sans_b rel="counter">5</sans_b>
									</td>
									<td text-valign="top" modify-text-nodes="sans">
										<sans>It’s a good idea to take traveller’s </sans>
										<sans_b>cheques/bills</sans_b>
										<sans> instead of cash on holiday with you.</sans>
									</td>
								</tr>
								<tr rel="inner-task-item">
									<td text-valign="top" text-align="center" width="30px" modify-text-nodes="sans">
										<sans_b rel="counter">6</sans_b>
									</td>
									<td text-valign="top" modify-text-nodes="sans">
										<sans>Zurich is the perfect place for a winter </sans>
										<sans_b>stop/break</sans_b>
										<sans>.</sans>
									</td>
								</tr>
								<tr rel="inner-task-item">
									<td text-valign="top" text-align="center" width="30px" modify-text-nodes="sans">
										<sans_b rel="counter">7</sans_b>
									</td>
									<td text-valign="top" modify-text-nodes="sans">
										<sans>Lorries and coaches are not allowed to drive in the fast </sans>
										<sans_b>line/lane</sans_b>
										<sans> on the motorway.</sans>
									</td>
								</tr>
								<tr rel="inner-task-item">
									<td text-valign="top" text-align="center" width="30px" modify-text-nodes="sans">
										<sans_b rel="counter">8</sans_b>
									</td>
									<td text-valign="top" modify-text-nodes="sans">
										<sans>He took an international flight from London to Sidney and then an </sans>
										<sans_b>internal/inside</sans_b>
										<sans> flight to Melbourne.</sans>
									</td>
								</tr>
								<tr rel="inner-task-item">
									<td text-valign="top" text-align="center" width="30px" modify-text-nodes="sans">
										<sans_b rel="counter">9</sans_b>
									</td>
									<td text-valign="top" modify-text-nodes="sans">
										<sans>Alison was staying in a </sans>
										<sans_b>remote/far</sans_b>
										<sans> area miles from anywhere.</sans>
									</td>
								</tr>
								<tr rel="inner-task-item">
									<td text-valign="top" text-align="center" width="30px" modify-text-nodes="sans">
										<sans_b rel="counter">10</sans_b>
									</td>
									<td text-valign="top" modify-text-nodes="sans">
										<sans>Hugh likes to find places that are off the </sans>
										<sans_b>beaten/walked</sans_b>
										<sans> track.</sans>
									</td>
								</tr>
							</table>
						</td>
					</tr>
				</table>
			</td>
		</tr>
	</table>

</paragraph>