<paragraph version="1.0" id="paragraph_02" module="1" unit="2" first-page="8">

	<page number="8" />
	<table border-style="none">
		<tr>
			<td>
				<image_block class="inner_left"> <img url="Data/images/headers/unit/1-2.png" /> </image_block>
			</td>
		</tr>
	</table>
	<table border-style="none">
		<tr>
			<td text-valign="top" text-align="center" width="60px">&#160;</td>
			<td text-valign="top">
				<violet_sans_h2>Vocabulary & Grammar</violet_sans_h2>
			</td>
		</tr>
	</table>
	<table rel="task" border-style="none">
		<tr>
			<td text-valign="top" text-align="center" width="60px">
				<blue_big rel="counter">1</blue_big>
			</td>
			<td text-valign="top" rel="content">
				<p modify-text-nodes="sans_b" margin_top="0">
					<sans_b>Use the phrases to describe the cartoon drawings. How do you think each person is feeling?</sans_b>
				</p>
				<p align="center" modify-text-nodes="sans_b">
					<image_block rel="image"> <img url="Data/images/8-1.png" /></image_block>
				</p>
				<p modify-text-nodes="sans_b" margin_top="0">
					<sans_i>e.g. Ben has his hands on his hips. His face is red and …</sans_i>
				</p>
			</td>
		</tr>
	</table>
	<table rel="task" border-style="none" numbered="">
		<tr>
			<td text-valign="top" text-align="center" width="60px">
				<blue_big rel="counter">2</blue_big>
			</td>
			<td text-valign="top" rel="content">
				<p modify-text-nodes="sans_b" margin_top="0">
					<image_block rel="icon" margin_right="4px" width="32px" height="32px"> <img url="Data/icons/pen.svg" /></image_block>
					<sans_b>Use the verbs in the list to complete the sentences below.</sans_b>
				</p>
				<nobr rel="task-item" modify-text-nodes="sans">
					<sans>•&#160;clenched&#160;&#160;</sans>
				</nobr>
				<text/>
				<nobr rel="task-item" modify-text-nodes="sans">
					<sans>•&#160;bowed&#160;&#160;</sans>
				</nobr>
				<text/>
				<nobr rel="task-item" modify-text-nodes="sans">
					<sans>•&#160;wrinkled&#160;&#160;</sans>
				</nobr>
				<text/>
				<nobr rel="task-item" modify-text-nodes="sans">
					<sans>•&#160;squinted&#160;&#160;</sans>
				</nobr>
				<text/>
				<nobr rel="task-item" modify-text-nodes="sans">
					<sans>•&#160;shrugged&#160;&#160;</sans>
				</nobr>
				<text/>
				<nobr rel="task-item" modify-text-nodes="sans">
					<sans>•&#160;snapped&#160;&#160;</sans>
				</nobr>
				<text/>
				<nobr rel="task-item" modify-text-nodes="sans">
					<sans>•&#160;shook&#160;&#160;</sans>
				</nobr>
				<text/>
				<nobr rel="task-item" modify-text-nodes="sans">
					<sans>•&#160;drummed&#160;&#160;</sans>
				</nobr>
				<text/>
				<nobr rel="task-item" modify-text-nodes="sans">
					<sans>•&#160;scratched&#160;&#160;</sans>
				</nobr>
				<text/>
				<nobr rel="task-item" modify-text-nodes="sans">
					<sans>•&#160;licked&#160;&#160;</sans>
				</nobr>
				<text/>
				<table border-style="none" width="100%">
					<tr rel="inner-task">
						<td text-valign="top" rel="content" modify-text-nodes="sans">
							<table border-style="none" width="100%" margin_top="0" margin_bottom="0">
								<tr rel="inner-task-item">
									<td text-valign="top" text-align="center" width="30px" modify-text-nodes="sans">
										<sans_b rel="counter">1</sans_b>
									</td>
									<td text-valign="top" modify-text-nodes="sans">
										<sans>He had forgotten his glasses, so he ..... to read the small print.</sans>
									</td>
								</tr>
								<tr rel="inner-task-item">
									<td text-valign="top" text-align="center" width="30px" modify-text-nodes="sans">
										<sans_b rel="counter">2</sans_b>
									</td>
									<td text-valign="top" modify-text-nodes="sans">
										<sans>Robert ..... his head in shame when he remembered how rude he had been to his teacher.</sans>
									</td>
								</tr>
								<tr rel="inner-task-item">
									<td text-valign="top" text-align="center" width="30px" modify-text-nodes="sans">
										<sans_b rel="counter">3</sans_b>
									</td>
									<td text-valign="top" modify-text-nodes="sans">
										<sans>She ..... her fingers impatiently on the counter as she waited for the manager to come.</sans>
									</td>
								</tr>
								<tr rel="inner-task-item">
									<td text-valign="top" text-align="center" width="30px" modify-text-nodes="sans">
										<sans_b rel="counter">4</sans_b>
									</td>
									<td text-valign="top" modify-text-nodes="sans">
										<sans>She ..... her teeth angrily and made a brave effort not to show how much she hated him.</sans>
									</td>
								</tr>
								<tr rel="inner-task-item">
									<td text-valign="top" text-align="center" width="30px" modify-text-nodes="sans">
										<sans_b rel="counter">5</sans_b>
									</td>
									<td text-valign="top" modify-text-nodes="sans">
										<sans>He ..... his fingers to attract the waiter’s attention.</sans>
									</td>
								</tr>
								<tr rel="inner-task-item">
									<td text-valign="top" text-align="center" width="30px" modify-text-nodes="sans">
										<sans_b rel="counter">6</sans_b>
									</td>
									<td text-valign="top" modify-text-nodes="sans">
										<sans>She ..... her nose in disgust when she smelt the bad meat in the fridge.</sans>
									</td>
								</tr>
								<tr rel="inner-task-item">
									<td text-valign="top" text-align="center" width="30px" modify-text-nodes="sans">
										<sans_b rel="counter">7</sans_b>
									</td>
									<td text-valign="top" modify-text-nodes="sans">
										<sans>The children ..... their lips hungrily when they saw the delicious cake.</sans>
									</td>
								</tr>
								<tr rel="inner-task-item">
									<td text-valign="top" text-align="center" width="30px" modify-text-nodes="sans">
										<sans_b rel="counter">8</sans_b>
									</td>
									<td text-valign="top" modify-text-nodes="sans">
										<sans>James just ..... his shoulders as if he didn’t care when he heard the news.</sans>
									</td>
								</tr>
								<tr rel="inner-task-item">
									<td text-valign="top" text-align="center" width="30px" modify-text-nodes="sans">
										<sans_b rel="counter">9</sans_b>
									</td>
									<td text-valign="top" modify-text-nodes="sans">
										<sans>My grandfather ..... his head in disbelief when he heard how much my new designer jeans cost.</sans>
									</td>
								</tr>
								<tr rel="inner-task-item">
									<td text-valign="top" text-align="center" width="30px" modify-text-nodes="sans">
										<sans_b rel="counter">10</sans_b>
									</td>
									<td text-valign="top" modify-text-nodes="sans">
										<sans>He ..... his head thoughtfully as he read the difficult questions in the exam.</sans>
									</td>
								</tr>
							</table>
						</td>
					</tr>
				</table>
			</td>
		</tr>
	</table>
	<table rel="task" border-style="none" numbered="">
		<tr>
			<td text-valign="top" text-align="center" width="60px">
				<blue_big rel="counter">3</blue_big>
			</td>
			<td text-valign="top" rel="content">
				<p modify-text-nodes="sans_b" margin_top="0">
					<sans_b>Choose the correct word. Then translate the sentences into Russian.</sans_b>
				</p>
				<table border-style="none" width="100%">
					<tr rel="inner-task">
						<td text-valign="top" rel="content" modify-text-nodes="sans">
							<table border-style="none" width="100%" margin_top="0" margin_bottom="0">
								<tr rel="inner-task-item">
									<td text-valign="top" text-align="center" width="30px" modify-text-nodes="sans">
										<sans_b rel="counter">1</sans_b>
									</td>
									<td text-valign="top" modify-text-nodes="sans">
										<sans>I don’t </sans>
										<sans_b>trust/recall/consider/think</sans_b>
										<sans> him to be a very reliable person.</sans>
									</td>
								</tr>
								<tr rel="inner-task-item">
									<td text-valign="top" text-align="center" width="30px" modify-text-nodes="sans">
										<sans_b rel="counter">2</sans_b>
									</td>
									<td text-valign="top" modify-text-nodes="sans">
										<sans>My father cannot lift anything heavy because he </sans>
										<sans_b>hurts/suffers/aches/pains</sans_b>
										<sans> from a bad back.</sans>
									</td>
								</tr>
								<tr rel="inner-task-item">
									<td text-valign="top" text-align="center" width="30px" modify-text-nodes="sans">
										<sans_b rel="counter">3</sans_b>
									</td>
									<td text-valign="top" modify-text-nodes="sans">
										<sans>I’m afraid that I’m not </sans>
										<sans_b>familiar/aware/known/recognised</sans_b>
										<sans> with any of his books so I can’t answer your question.</sans>
									</td>
								</tr>
								<tr rel="inner-task-item">
									<td text-valign="top" text-align="center" width="30px" modify-text-nodes="sans">
										<sans_b rel="counter">4</sans_b>
									</td>
									<td text-valign="top" modify-text-nodes="sans">
										<sans>Many people move to big cities hoping to make a better </sans>
										<sans_b>income/earning/wage/living</sans_b>
										<sans> for themselves.</sans>
									</td>
								</tr>
								<tr rel="inner-task-item">
									<td text-valign="top" text-align="center" width="30px" modify-text-nodes="sans">
										<sans_b rel="counter">5</sans_b>
									</td>
									<td text-valign="top" modify-text-nodes="sans">
										<sans>I can’t make any </sans>
										<sans_b>sense/logic/reason/explanation</sans_b>
										<sans> of this letter – the handwriting is so bad!</sans>
									</td>
								</tr>
								<tr rel="inner-task-item">
									<td text-valign="top" text-align="center" width="30px" modify-text-nodes="sans">
										<sans_b rel="counter">6</sans_b>
									</td>
									<td text-valign="top" modify-text-nodes="sans">
										<sans>The little girl was so </sans>
										<sans_b>curious/fascinated/interested/attracted</sans_b>
										<sans> by the story that she asked her mother to read it again.</sans>
									</td>
								</tr>
								<tr rel="inner-task-item">
									<td text-valign="top" text-align="center" width="30px" modify-text-nodes="sans">
										<sans_b rel="counter">7</sans_b>
									</td>
									<td text-valign="top" modify-text-nodes="sans">
										<sans>Peter </sans>
										<sans_b>turned/bent/nodded/lowered</sans_b>
										<sans> his head in understanding when I explained the problem.</sans>
									</td>
								</tr>
								<tr rel="inner-task-item">
									<td text-valign="top" text-align="center" width="30px" modify-text-nodes="sans">
										<sans_b rel="counter">8</sans_b>
									</td>
									<td text-valign="top" modify-text-nodes="sans">
										<sans>He clenched his </sans>
										<sans_b>nose/fingers/eyes/teeth</sans_b>
										<sans> when the doctor gave him an injection.</sans>
									</td>
								</tr>
								<tr rel="inner-task-item">
									<td text-valign="top" text-align="center" width="30px" modify-text-nodes="sans">
										<sans_b rel="counter">9</sans_b>
									</td>
									<td text-valign="top" modify-text-nodes="sans">
										<sans>The audience </sans>
										<sans_b>punched/clapped/tapped/smacked</sans_b>
										<sans> their hands enthusiastically at the end of the performance.</sans>
									</td>
								</tr>
								<tr rel="inner-task-item">
									<td text-valign="top" text-align="center" width="30px" modify-text-nodes="sans">
										<sans_b rel="counter">10</sans_b>
									</td>
									<td text-valign="top" modify-text-nodes="sans">
										<sans>He couldn’t </sans>
										<sans_b>look/stare/glance/gaze</sans_b>
										<sans> his mother in the eye because he was so ashamed of what he had done.</sans>
									</td>
								</tr>
							</table>
						</td>
					</tr>
				</table>
			</td>
		</tr>
	</table>
	<table border-style="none">
		<tr>
			<td text-valign="top" text-align="center" width="60px">&#160;</td>
			<td text-valign="top" rel="unit-h3" modify-text-nodes="violet_sans_h3">
				<violet_sans_h3>• Ways to look</violet_sans_h3>
			</td>
		</tr>
	</table>
	<table rel="task" border-style="none" numbered="">
		<tr>
			<td text-valign="top" text-align="center" width="60px">
				<blue_big rel="counter">4</blue_big>
			</td>
			<td text-valign="top" rel="content">
				<p modify-text-nodes="sans_b" margin_top="0">
					<image_block rel="icon" margin_right="4px" width="32px" height="32px"> <img url="Data/icons/pen.svg" /></image_block>
					<sans_b>Check these words in the dictionary. Use the words in their correct form to complete the phrases. Which of these verbs best describe the people in the pictures?</sans_b>
				</p>
				<nobr rel="task-item" modify-text-nodes="sans">
					<sans>•&#160;glare&#160;&#160;</sans>
				</nobr>
				<text/>
				<nobr rel="task-item" modify-text-nodes="sans">
					<sans>•&#160;stare&#160;&#160;</sans>
				</nobr>
				<text/>
				<nobr rel="task-item" modify-text-nodes="sans">
					<sans>•&#160;wink&#160;&#160;</sans>
				</nobr>
				<text/>
				<nobr rel="task-item" modify-text-nodes="sans">
					<sans>•&#160;peer&#160;&#160;</sans>
				</nobr>
				<text/>
				<nobr rel="task-item" modify-text-nodes="sans">
					<sans>•&#160;glance&#160;&#160;</sans>
				</nobr>
				<text/>
				<table border-style="none" width="100%" margin_top="0" margin_bottom="0">
					<tr>
						<td text-align="center">
							<image_block rel="image"> <img url="Data/images/8-2.png" /></image_block>
						</td>
						<td text-align="center">
							<image_block rel="image"> <img url="Data/images/8-3.png" /></image_block>
						</td>
					</tr>
				</table>
				<table border-style="none" width="100%">
					<tr rel="inner-task">
						<td text-valign="top" rel="content" modify-text-nodes="sans">
							<table border-style="none" width="100%" margin_top="0" margin_bottom="0">
								<tr rel="inner-task-item">
									<td text-valign="top" text-align="center" width="30px" modify-text-nodes="sans">
										<sans_b rel="counter">1</sans_b>
									</td>
									<td text-valign="top" modify-text-nodes="sans">
										<sans>I don’t </sans>
										<sans_b>trust/recall/consider/think</sans_b>
										<sans> him to be a very reliable person.</sans>
									</td>
								</tr>
								<tr rel="inner-task-item">
									<td text-valign="top" text-align="center" width="30px" modify-text-nodes="sans">
										<sans_b rel="counter">2</sans_b>
									</td>
									<td text-valign="top" modify-text-nodes="sans">
										<sans>My father cannot lift anything heavy because he </sans>
										<sans_b>hurts/suffers/aches/pains</sans_b>
										<sans> from a bad back.</sans>
									</td>
								</tr>
								<tr rel="inner-task-item">
									<td text-valign="top" text-align="center" width="30px" modify-text-nodes="sans">
										<sans_b rel="counter">3</sans_b>
									</td>
									<td text-valign="top" modify-text-nodes="sans">
										<sans>I’m afraid that I’m not </sans>
										<sans_b>familiar/aware/known/recognised</sans_b>
										<sans> with any of his books so I can’t answer your question.</sans>
									</td>
								</tr>
								<tr rel="inner-task-item">
									<td text-valign="top" text-align="center" width="30px" modify-text-nodes="sans">
										<sans_b rel="counter">4</sans_b>
									</td>
									<td text-valign="top" modify-text-nodes="sans">
										<sans>Many people move to big cities hoping to make a better </sans>
										<sans_b>income/earning/wage/living</sans_b>
										<sans> for themselves.</sans>
									</td>
								</tr>
								<tr rel="inner-task-item">
									<td text-valign="top" text-align="center" width="30px" modify-text-nodes="sans">
										<sans_b rel="counter">5</sans_b>
									</td>
									<td text-valign="top" modify-text-nodes="sans">
										<sans>I can’t make any </sans>
										<sans_b>sense/logic/reason/explanation</sans_b>
										<sans> of this letter – the handwriting is so bad!</sans>
									</td>
								</tr>
								<tr rel="inner-task-item">
									<td text-valign="top" text-align="center" width="30px" modify-text-nodes="sans">
										<sans_b rel="counter">6</sans_b>
									</td>
									<td text-valign="top" modify-text-nodes="sans">
										<sans>The little girl was so </sans>
										<sans_b>curious/fascinated/interested/attracted</sans_b>
										<sans> by the story that she asked her mother to read it again.</sans>
									</td>
								</tr>
								<tr rel="inner-task-item">
									<td text-valign="top" text-align="center" width="30px" modify-text-nodes="sans">
										<sans_b rel="counter">7</sans_b>
									</td>
									<td text-valign="top" modify-text-nodes="sans">
										<sans>Peter </sans>
										<sans_b>turned/bent/nodded/lowered</sans_b>
										<sans> his head in understanding when I explained the problem.</sans>
									</td>
								</tr>
								<tr rel="inner-task-item">
									<td text-valign="top" text-align="center" width="30px" modify-text-nodes="sans">
										<sans_b rel="counter">8</sans_b>
									</td>
									<td text-valign="top" modify-text-nodes="sans">
										<sans>He clenched his </sans>
										<sans_b>nose/fingers/eyes/teeth</sans_b>
										<sans> when the doctor gave him an injection.</sans>
									</td>
								</tr>
								<tr rel="inner-task-item">
									<td text-valign="top" text-align="center" width="30px" modify-text-nodes="sans">
										<sans_b rel="counter">9</sans_b>
									</td>
									<td text-valign="top" modify-text-nodes="sans">
										<sans>The audience </sans>
										<sans_b>punched/clapped/tapped/smacked</sans_b>
										<sans> their hands enthusiastically at the end of the performance.</sans>
									</td>
								</tr>
								<tr rel="inner-task-item">
									<td text-valign="top" text-align="center" width="30px" modify-text-nodes="sans">
										<sans_b rel="counter">10</sans_b>
									</td>
									<td text-valign="top" modify-text-nodes="sans">
										<sans>He couldn’t </sans>
										<sans_b>look/stare/glance/gaze</sans_b>
										<sans> his mother in the eye because he was so ashamed of what he had done.</sans>
									</td>
								</tr>
							</table>
						</td>
					</tr>
				</table>
			</td>
		</tr>
	</table>

	<page number="9" />
	<table border-style="none">
		<tr>
			<td text-valign="top" text-align="center" width="60px">&#160;</td>
			<td text-valign="top" rel="unit-h3" modify-text-nodes="violet_sans_h3">
				<violet_sans_h3>• Multiple Choice Cloze</violet_sans_h3>
			</td>
		</tr>
	</table>
	<table rel="task" border-style="none">
		<tr>
			<td text-valign="top" text-align="center" width="60px">
				<blue_big rel="counter">5</blue_big>
			</td>
			<td text-valign="top" rel="content">
				<p modify-text-nodes="sans_b" margin_top="0">
					<image_block rel="icon" margin_right="4px" width="32px" height="32px"> <img url="Data/icons/pen.svg" /></image_block>
					<image_block rel="icon" margin_right="4px" height="32px" width="52px"> <img url="Data/icons/rne.svg" /></image_block>
					<sans_b>Read the text with the gaps marked by numbers 1-7. These numbers correspond with tasks 1-7, which contain answers that are possibly correct. Choose number 1, 2, 3 or 4 for each task.</sans_b>
				</p>
				<nobr rel="task-item" modify-text-nodes="sans">
					<sans>•&#160;glare&#160;&#160;</sans>
				</nobr>
				<text/>
				<nobr rel="task-item" modify-text-nodes="sans">
					<sans>•&#160;stare&#160;&#160;</sans>
				</nobr>
				<text/>
				<nobr rel="task-item" modify-text-nodes="sans">
					<sans>•&#160;wink&#160;&#160;</sans>
				</nobr>
				<text/>
				<nobr rel="task-item" modify-text-nodes="sans">
					<sans>•&#160;peer&#160;&#160;</sans>
				</nobr>
				<text/>
				<nobr rel="task-item" modify-text-nodes="sans">
					<sans>•&#160;glance&#160;&#160;</sans>
				</nobr>
				<text/>
				<p align="center" modify-text-nodes="sans_b">
					<image_block rel="image"> <img url="Data/images/9-1.png" /></image_block>
				</p>
				<image_block rel="image" class="inner_left"> <img url="Data/images/9-2.png" /></image_block>
				<p indent="2" margin_top="0">
					<sans>You’re standing in a public area. Suddenly there’s a disturbance. Though you can’t see what’s going on, you immediately feel </sans>
					<sans_b>1) .....</sans_b>
					<sans> and quickly move away.</sans>
				</p>
				<p indent="2" margin_top="0">
					<sans>Scientists have long known about animal </sans>
					<sans_b>2) .....</sans_b>
					<sans> to danger. For instance, if one animal begins to run away, then all the other animals in the group will follow. But scientists have been baffled by what causes </sans>
					<sans_b>3) .....</sans_b>
					<sans> behaviour in humans. What is it that causes fear to spread so quickly through a group of people?</sans>
				</p>
				<p indent="2" margin_top="0">
					<sans>Researchers at Harvard believe they may have solved the mystery. In the past it was accepted that people judged emotional situations simply by looking at faces. This new study has </sans>
					<sans_b>4) .....</sans_b>
					<sans> that the position of the body is also important.</sans>
				</p>
				<p indent="2" margin_top="0">
					<sans>To test their theory, the scientists showed pictures of people </sans>
					<sans_b>5) .....</sans_b>
					<sans> in different poses but with their faces rubbed out. The pictures showed people in happy, neutral and fearful positions. While the test subjects looked at the pictures, their brains were scanned to see how they reacted. The researchers found that the fearful position caused a very </sans>
					<sans_b>6) .....</sans_b>
					<sans> reaction despite the lack of any facial expression in the pictures. The effects suggest that humans react instinctively to a position of fear in other people and that this </sans>
					<sans_b>7) .....</sans_b>
					<sans> in our behaviour has helped humans to survive in dangerous situations throughout our evolution.</sans>
				</p>
				<table width="100%" border-style="none">
					<tr>
						<td>
							<sans_b>1</sans_b>&#160;</td>
						<td>
							<sans_b>1</sans_b>&#160;
							<sans>irritable</sans>
						</td>
						<td>
							<sans_b>2</sans_b>&#160;
							<sans>nervous</sans>
						</td>
						<td>
							<sans_b>3</sans_b>&#160;
							<sans>impatient</sans>
						</td>
						<td>
							<sans_b>4</sans_b>&#160;
							<sans>doubtful</sans>
						</td>
					</tr>
					<tr>
						<td>
							<sans_b>2</sans_b>&#160;</td>
						<td width="25%">
							<sans_b>1</sans_b>&#160;
							<sans>replies</sans>
						</td>
						<td width="25%">
							<sans_b>2</sans_b>&#160;
							<sans>explanations</sans>
						</td>
						<td width="25%">
							<sans_b>3</sans_b>&#160;
							<sans>answers</sans>
						</td>
						<td width="25%">
							<sans_b>4</sans_b>&#160;
							<sans>responses</sans>
						</td>
					</tr>
					<tr>
						<td>
							<sans_b>3</sans_b>&#160;</td>
						<td>
							<sans_b>1</sans_b>&#160;
							<sans>similar</sans>
						</td>
						<td>
							<sans_b>2</sans_b>&#160;
							<sans>equal</sans>
						</td>
						<td>
							<sans_b>3</sans_b>&#160;
							<sans>like</sans>
						</td>
						<td>
							<sans_b>4</sans_b>&#160;
							<sans>same</sans>
						</td>
					</tr>
					<tr>
						<td>
							<sans_b>4</sans_b>&#160;</td>
						<td>
							<sans_b>1</sans_b>&#160;
							<sans>founded</sans>
						</td>
						<td>
							<sans_b>2</sans_b>&#160;
							<sans>realised</sans>
						</td>
						<td>
							<sans_b>3</sans_b>&#160;
							<sans>exposed</sans>
						</td>
						<td>
							<sans_b>4</sans_b>&#160;
							<sans>revealed</sans>
						</td>
					</tr>
					<tr>
						<td>
							<sans_b>5</sans_b>&#160;</td>
						<td>
							<sans_b>1</sans_b>&#160;
							<sans>forming</sans>
						</td>
						<td>
							<sans_b>2</sans_b>&#160;
							<sans>having</sans>
						</td>
						<td>
							<sans_b>3</sans_b>&#160;
							<sans>standing</sans>
						</td>
						<td>
							<sans_b>4</sans_b>&#160;
							<sans>taking</sans>
						</td>
					</tr>
					<tr>
						<td>
							<sans_b>6</sans_b>&#160;</td>
						<td>
							<sans_b>1</sans_b>&#160;
							<sans>hard</sans>
						</td>
						<td>
							<sans_b>2</sans_b>&#160;
							<sans>strong</sans>
						</td>
						<td>
							<sans_b>3</sans_b>&#160;
							<sans>tough</sans>
						</td>
						<td>
							<sans_b>4</sans_b>&#160;
							<sans>strict</sans>
						</td>
					</tr>
					<tr>
						<td>
							<sans_b>7</sans_b>&#160;</td>
						<td>
							<sans_b>1</sans_b>&#160;
							<sans>effect</sans>
						</td>
						<td>
							<sans_b>2</sans_b>&#160;
							<sans>development</sans>
						</td>
						<td>
							<sans_b>3</sans_b>&#160;
							<sans>result</sans>
						</td>
						<td>
							<sans_b>4</sans_b>&#160;
							<sans>conclusion</sans>
						</td>
					</tr>
				</table>
			</td>
		</tr>
	</table>
	<table border-style="none">
		<tr>
			<td text-valign="top" text-align="center" width="60px">&#160;</td>
			<td text-valign="top" rel="unit-h3" modify-text-nodes="violet_sans_h3">
				<violet_sans_h3>• Comparisons </violet_sans_h3>
				<sans>(GR p. 163)</sans>
			</td>
		</tr>
	</table>
	<table rel="task" border-style="none" numbered="">
		<tr>
			<td text-valign="top" text-align="center" width="60px">
				<blue_big rel="counter">6</blue_big>
			</td>
			<td text-valign="top" rel="content">
				<p modify-text-nodes="sans_b" margin_top="0">
					<image_block rel="icon" margin_right="4px" width="32px" height="32px"> <img url="Data/icons/pen.svg" /></image_block>
					<sans_b> Complete the sentences with a positive or negative comparative form to show your opinion. </sans_b>
				</p>
				<table border-style="none" width="100%">
					<tr rel="inner-task">
						<td text-valign="top" rel="content" modify-text-nodes="sans">
							<table border-style="none" width="100%" margin_top="0" margin_bottom="0">
								<tr rel="inner-task-item">
									<td text-valign="top" text-align="center" width="30px" modify-text-nodes="sans">
										<sans_b rel="counter">1</sans_b>
									</td>
									<td text-valign="top" modify-text-nodes="sans">
										<sans>Doctors should be paid ..... </sans>
										<sans_b>(much)</sans_b>
										<sans> money than footballers.</sans>
									</td>
								</tr>
								<tr rel="inner-task-item">
									<td text-valign="top" text-align="center" width="30px" modify-text-nodes="sans">
										<sans_b rel="counter">2</sans_b>
									</td>
									<td text-valign="top" modify-text-nodes="sans">
										<sans>It is ..... </sans>
										<sans_b>(hard)</sans_b>
										<sans> to forget than to forgive.</sans>
									</td>
								</tr>
								<tr rel="inner-task-item">
									<td text-valign="top" text-align="center" width="30px" modify-text-nodes="sans">
										<sans_b rel="counter">3</sans_b>
									</td>
									<td text-valign="top" modify-text-nodes="sans">
										<sans>Happy people tend to be ..... </sans>
										<sans_b>(selfcentred)</sans_b>
										<sans> than unhappy ones.</sans>
									</td>
								</tr>
								<tr rel="inner-task-item">
									<td text-valign="top" text-align="center" width="30px" modify-text-nodes="sans">
										<sans_b rel="counter">4</sans_b>
									</td>
									<td text-valign="top" modify-text-nodes="sans">
										<sans>Painting is ..... </sans>
										<sans_b>(relaxing)</sans_b>
										<sans> than listening to music.</sans>
									</td>
								</tr>
								<tr rel="inner-task-item">
									<td text-valign="top" text-align="center" width="30px" modify-text-nodes="sans">
										<sans_b rel="counter">5</sans_b>
									</td>
									<td text-valign="top" modify-text-nodes="sans">
										<sans>Rich people are ..... </sans>
										<sans_b>(happy)</sans_b>
										<sans> than poor people.</sans>
									</td>
								</tr>
							</table>
						</td>
					</tr>
				</table>
			</td>
		</tr>
	</table>
	<table rel="task" border-style="none" numbered="">
		<tr>
			<td text-valign="top" text-align="center" width="60px">
				<blue_big rel="counter">7</blue_big>
			</td>
			<td text-valign="top" rel="content">
				<p modify-text-nodes="sans_b" margin_top="0">
					<image_block rel="icon" margin_right="4px" width="32px" height="32px"> <img url="Data/icons/pen.svg" /></image_block>
					<sans_b> Complete the sentences so that they are true for you.</sans_b>
				</p>
				<table border-style="none" width="100%">
					<tr rel="inner-task">
						<td text-valign="top" rel="content" modify-text-nodes="sans">
							<table border-style="none" width="100%" margin_top="0" margin_bottom="0">
								<tr rel="inner-task-item">
									<td text-valign="top" text-align="center" width="30px" modify-text-nodes="sans">
										<sans_b rel="counter">1</sans_b>
									</td>
									<td text-valign="top" modify-text-nodes="sans">
										<p margin_top="0">
											<sans_b>(good)</sans_b>
											<sans> actor in the world ...</sans>
										</p>
										<p margin_top="0">
											<blue_sans_i>I think the best actor in the world is ...</blue_sans_i>
										</p>
									</td>
								</tr>
								<tr rel="inner-task-item">
									<td text-valign="top" text-align="center" width="30px" modify-text-nodes="sans">
										<sans_b rel="counter">2</sans_b>
									</td>
									<td text-valign="top" modify-text-nodes="sans">
										<sans_b>(funny)</sans_b>
										<sans> person I know ...</sans>
									</td>
								</tr>
								<tr rel="inner-task-item">
									<td text-valign="top" text-align="center" width="30px" modify-text-nodes="sans">
										<sans_b rel="counter">3</sans_b>
									</td>
									<td text-valign="top" modify-text-nodes="sans">
										<sans_b>(tiring)</sans_b>
										<sans> job ...</sans>
									</td>
								</tr>
								<tr rel="inner-task-item">
									<td text-valign="top" text-align="center" width="30px" modify-text-nodes="sans">
										<sans_b rel="counter">4</sans_b>
									</td>
									<td text-valign="top" modify-text-nodes="sans">
										<sans_b>(expensive)</sans_b>
										<sans> restaurant in my town ...</sans>
									</td>
								</tr>
								<tr rel="inner-task-item">
									<td text-valign="top" text-align="center" width="30px" modify-text-nodes="sans">
										<sans_b rel="counter">5</sans_b>
									</td>
									<td text-valign="top" modify-text-nodes="sans">
										<sans_b>(cold)</sans_b>
										<sans> place in my country ...</sans>
									</td>
								</tr>
								<tr rel="inner-task-item">
									<td text-valign="top" text-align="center" width="30px" modify-text-nodes="sans">
										<sans_b rel="counter">6</sans_b>
									</td>
									<td text-valign="top" modify-text-nodes="sans">
										<sans_b>(difficult)</sans_b>
										<sans> language in the world ...</sans>
									</td>
								</tr>
								<tr rel="inner-task-item">
									<td text-valign="top" text-align="center" width="30px" modify-text-nodes="sans">
										<sans_b rel="counter">7</sans_b>
									</td>
									<td text-valign="top" modify-text-nodes="sans">
										<sans_b>(windy)</sans_b>
										<sans> place in my country ...</sans>
									</td>
								</tr>
							</table>
						</td>
					</tr>
				</table>
			</td>
		</tr>
	</table>
	<table border-style="none">
		<tr>
			<td text-valign="top" text-align="center" width="60px">&#160;</td>
			<td text-valign="top" rel="unit-h3" modify-text-nodes="violet_sans_h3">
				<violet_sans_h3>• Key word transformations</violet_sans_h3>
			</td>
		</tr>
	</table>
	<table rel="task" border-style="none" numbered="">
		<tr>
			<td text-valign="top" text-align="center" width="60px">
				<blue_big rel="counter">8</blue_big>
			</td>
			<td text-valign="top" rel="content">
				<p modify-text-nodes="sans_b" margin_top="0">
					<image_block rel="icon" margin_right="4px" width="32px" height="32px"> <img url="Data/icons/pen.svg" /></image_block>
					<sans_b> Complete the sentences using the words in bold. Use two to five words.</sans_b>
				</p>
				<table border-style="none" width="100%">
					<tr rel="inner-task">
						<td text-valign="top" rel="content" modify-text-nodes="sans">
							<table border-style="none" width="100%" margin_top="0" margin_bottom="0">
								<tr rel="inner-task-item">
									<td text-valign="top" text-align="center" width="30px" modify-text-nodes="sans">
										<sans_b rel="counter">1</sans_b>
									</td>
									<td text-valign="top" modify-text-nodes="sans">
										<p margin_top="0">
											<sans>Bill earns more money than Ann.</sans>
										</p>
										<p margin_top="0">
											<sans_b>"as"</sans_b>
											<sans>: Ann doesn’t ..... Bill.</sans>
										</p>
									</td>
								</tr>
								<tr rel="inner-task-item">
									<td text-valign="top" text-align="center" width="30px" modify-text-nodes="sans">
										<sans_b rel="counter">2</sans_b>
									</td>
									<td text-valign="top" modify-text-nodes="sans">
										<p margin_top="0">
											<sans>If you practise, you’ll get better.</sans>
										</p>
										<p margin_top="0">
											<sans_b>"the"</sans_b>
											<sans>: The more ..... will get.</sans>
										</p>
									</td>
								</tr>
								<tr rel="inner-task-item">
									<td text-valign="top" text-align="center" width="30px" modify-text-nodes="sans">
										<sans_b rel="counter">3</sans_b>
									</td>
									<td text-valign="top" modify-text-nodes="sans">
										<p margin_top="0">
											<sans>We finished in half the time she took.</sans>
										</p>
										<p margin_top="0">
											<sans_b>"twice"</sans_b>
											<sans>: It took her ..... it took us to finish.</sans>
										</p>
									</td>
								</tr>
								<tr rel="inner-task-item">
									<td text-valign="top" text-align="center" width="30px" modify-text-nodes="sans">
										<sans_b rel="counter">4</sans_b>
									</td>
									<td text-valign="top" modify-text-nodes="sans">
										<p margin_top="0">
											<sans>This is the fastest she can run.</sans>
										</p>
										<p margin_top="0">
											<sans_b>"any"</sans_b>
											<sans>: She can’t ..... this.</sans>
										</p>
									</td>
								</tr>
								<tr rel="inner-task-item">
									<td text-valign="top" text-align="center" width="30px" modify-text-nodes="sans">
										<sans_b rel="counter">5</sans_b>
									</td>
									<td text-valign="top" modify-text-nodes="sans">
										<p margin_top="0">
											<sans>He didn’t expect it to cost so much.</sans>
										</p>
										<p margin_top="0">
											<sans_b>"paid"</sans_b>
											<sans>: He ..... he expected.</sans>
										</p>
									</td>
								</tr>
							</table>
						</td>
					</tr>
				</table>
			</td>
		</tr>
	</table>

</paragraph>