<paragraph version="1.0" id="paragraph_04" module="1" unit="4" first-page="12">

	<page number="12" />
	<table border-style="none">
		<tr>
			<td>
				<image_block class="inner_left"> <img url="Data/images/headers/unit/1-4.png" /> </image_block>
			</td>
		</tr>
	</table>
	<table border-style="none">
		<tr>
			<td text-valign="top" text-align="center" width="60px">&#160;</td>
			<td text-valign="top">
				<violet_sans_h2>Vocabulary</violet_sans_h2>
			</td>
		</tr>
	</table>
	<table rel="task" border-style="none" numbered="">
		<tr>
			<td text-valign="top" text-align="center" width="60px">
				<blue_big rel="counter">1</blue_big>
			</td>
			<td text-valign="top" rel="content">
				<p modify-text-nodes="sans_b" margin_top="0">
					<sans_b>Choose the correct word.</sans_b>
				</p>
				<p align="center" modify-text-nodes="sans_b">
					<image_block rel="image"> <img url="Data/images/12-1.png" /></image_block>
				</p>
				<table border-style="none" width="100%">
					<tr rel="inner-task">
						<td text-valign="top" rel="content" modify-text-nodes="sans">
							<table border-style="none" width="100%" margin_top="0" margin_bottom="0">
								<tr rel="inner-task-item">
									<td text-valign="top" text-align="center" width="30px" modify-text-nodes="sans">
										<sans_b rel="counter">1</sans_b>
									</td>
									<td text-valign="top" modify-text-nodes="sans">
										<sans>The Beatles were a famous British </sans>
										<sans_b>orchestra/band</sans_b>
										<sans>.</sans>
									</td>
								</tr>
								<tr rel="inner-task-item">
									<td text-valign="top" text-align="center" width="30px" modify-text-nodes="sans">
										<sans_b rel="counter">2</sans_b>
									</td>
									<td text-valign="top" modify-text-nodes="sans">
										<sans>Coldplay’s new song has gone straight into the </sans>
										<sans_b>top/box</sans_b>
										<sans> ten.</sans>
									</td>
								</tr>
								<tr rel="inner-task-item">
									<td text-valign="top" text-align="center" width="30px" modify-text-nodes="sans">
										<sans_b rel="counter">3</sans_b>
									</td>
									<td text-valign="top" modify-text-nodes="sans">
										<sans>We haven’t seen this group on </sans>
										<sans_b>scene/stage</sans_b>
										<sans>.</sans>
									</td>
								</tr>
								<tr rel="inner-task-item">
									<td text-valign="top" text-align="center" width="30px" modify-text-nodes="sans">
										<sans_b rel="counter">4</sans_b>
									</td>
									<td text-valign="top" modify-text-nodes="sans">
										<sans>The </sans>
										<sans_b>spectators/audience</sans_b>
										<sans> sang along with the band.</sans>
									</td>
								</tr>
								<tr rel="inner-task-item">
									<td text-valign="top" text-align="center" width="30px" modify-text-nodes="sans">
										<sans_b rel="counter">5</sans_b>
									</td>
									<td text-valign="top" modify-text-nodes="sans">
										<sans>I always wanted to hear them perform </sans>
										<sans_b>live/living</sans_b>
										<sans>.</sans>
									</td>
								</tr>
								<tr rel="inner-task-item">
									<td text-valign="top" text-align="center" width="30px" modify-text-nodes="sans">
										<sans_b rel="counter">6</sans_b>
									</td>
									<td text-valign="top" modify-text-nodes="sans">
										<sans>Social surroundings seem to </sans>
										<sans_b>affect/effect</sans_b>
										<sans> the music and lyrics of different artists.</sans>
									</td>
								</tr>
								<tr rel="inner-task-item">
									<td text-valign="top" text-align="center" width="30px" modify-text-nodes="sans">
										<sans_b rel="counter">7</sans_b>
									</td>
									<td text-valign="top" modify-text-nodes="sans">
										<sans>He was tapping his foot to the </sans>
										<sans_b>rhythm/rhyme</sans_b>
										<sans> of the music.</sans>
									</td>
								</tr>
								<tr rel="inner-task-item">
									<td text-valign="top" text-align="center" width="30px" modify-text-nodes="sans">
										<sans_b rel="counter">8</sans_b>
									</td>
									<td text-valign="top" modify-text-nodes="sans">
										<sans>He plays music entirely from </sans>
										<sans_b>mind/memory</sans_b>
										<sans>.</sans>
									</td>
								</tr>
								<tr rel="inner-task-item">
									<td text-valign="top" text-align="center" width="30px" modify-text-nodes="sans">
										<sans_b rel="counter">9</sans_b>
									</td>
									<td text-valign="top" modify-text-nodes="sans">
										<sans>Live music can be </sans>
										<sans_b>transmitted/broadcast</sans_b>
										<sans> over the radio, TV or the Internet.</sans>
									</td>
								</tr>
								<tr rel="inner-task-item">
									<td text-valign="top" text-align="center" width="30px" modify-text-nodes="sans">
										<sans_b rel="counter">10</sans_b>
									</td>
									<td text-valign="top" modify-text-nodes="sans">
										<sans>Some amateur musicians have </sans>
										<sans_b>private/personal</sans_b>
										<sans> music lessons with a teacher.</sans>
									</td>
								</tr>
							</table>
						</td>
					</tr>
				</table>
			</td>
		</tr>
	</table>
	<table rel="task" border-style="none" numbered="">
		<tr>
			<td text-valign="top" text-align="center" width="60px">
				<blue_big rel="counter">2</blue_big>
			</td>
			<td text-valign="top" rel="content">
				<p modify-text-nodes="sans_b" margin_top="0">
					<image_block rel="icon" margin_right="4px" width="32px" height="32px"> <img url="Data/icons/pen.svg" /></image_block>
					<sans_b> Complete the sentences with the verbs in the correct form.</sans_b>
				</p>
				<nobr rel="task-item" modify-text-nodes="sans">
					<sans>•&#160;keep&#160;&#160;</sans>
				</nobr>
				<text/>
				<nobr rel="task-item" modify-text-nodes="sans">
					<sans>•&#160;call&#160;&#160;</sans>
				</nobr>
				<text/>
				<nobr rel="task-item" modify-text-nodes="sans">
					<sans>•&#160;cut&#160;&#160;</sans>
				</nobr>
				<text/>
				<nobr rel="task-item" modify-text-nodes="sans">
					<sans>•&#160;hear&#160;&#160;</sans>
				</nobr>
				<text/>
				<nobr rel="task-item" modify-text-nodes="sans">
					<sans>•&#160;put&#160;&#160;</sans>
				</nobr>
				<text/>
				<nobr rel="task-item" modify-text-nodes="sans">
					<sans>•&#160;lose&#160;&#160;</sans>
				</nobr>
				<text/>
				<nobr rel="task-item" modify-text-nodes="sans">
					<sans>•&#160;bump&#160;&#160;</sans>
				</nobr>
				<text/>
				<nobr rel="task-item" modify-text-nodes="sans">
					<sans>•&#160;get&#160;&#160;</sans>
				</nobr>
				<text/>
				<nobr rel="task-item" modify-text-nodes="sans">
					<sans>•&#160;hold&#160;&#160;</sans>
				</nobr>
				<text/>
				<table border-style="none" width="100%">
					<tr rel="inner-task">
						<td text-valign="top" rel="content" modify-text-nodes="sans">
							<table border-style="none" width="100%" margin_top="0" margin_bottom="0">
								<tr rel="inner-task-item">
									<td text-valign="top" text-align="center" width="30px" modify-text-nodes="sans">
										<sans_b rel="counter">1</sans_b>
									</td>
									<td text-valign="top" modify-text-nodes="sans">
										<sans>Although we all promised </sans>
										<sans_b>a) .....</sans_b>
										<sans> in touch when we left school, we soon went our separate ways and </sans>
										<sans_b>b) .....</sans_b>
										<sans> contact with one another.</sans>
									</td>
								</tr>
								<tr rel="inner-task-item">
									<td text-valign="top" text-align="center" width="30px" modify-text-nodes="sans">
										<sans_b rel="counter">2</sans_b>
									</td>
									<td text-valign="top" modify-text-nodes="sans">
										<sans>I find it very annoying when you ask to speak to somebody on the telephone and you are told </sans>
										<sans_b>a) .....</sans_b>
										<sans> the line for what seems like hours! If the operator can’t </sans>
										<sans_b>b) .....</sans_b>
										<sans> you through to the person you want to speak to straight away, why don’t they simply ask you </sans>
										<sans_b>c) .....</sans_b>
										<sans> back when the person is available?</sans>
									</td>
								</tr>
								<tr rel="inner-task-item">
									<td text-valign="top" text-align="center" width="30px" modify-text-nodes="sans">
										<sans_b rel="counter">3</sans_b>
									</td>
									<td text-valign="top" modify-text-nodes="sans">
										<sans>It was an amazing coincidence really; I was just thinking I hadn’t </sans>
										<sans_b>a) .....</sans_b>
										<sans> from my friend Susan for a long time when I </sans>
										<sans_b>b) .....</sans_b>
										<sans> into her in the high street!</sans>
									</td>
								</tr>
								<tr rel="inner-task-item">
									<td text-valign="top" text-align="center" width="30px" modify-text-nodes="sans">
										<sans_b rel="counter">4</sans_b>
									</td>
									<td text-valign="top" modify-text-nodes="sans">
										<sans>I telephoned Customer Services for help but we were </sans>
										<sans_b>a) .....</sans_b>
										<sans> off as I was explaining the problem and after that I couldn’t </sans>
										<sans_b>b) .....</sans_b>
										<sans> through to them again for the rest of the day.</sans>
									</td>
								</tr>
							</table>
						</td>
					</tr>
				</table>
			</td>
		</tr>
	</table>
	<table rel="task" border-style="none" numbered="">
		<tr>
			<td text-valign="top" text-align="center" width="60px">
				<blue_big rel="counter">3</blue_big>
			</td>
			<td text-valign="top" rel="content">
				<p modify-text-nodes="sans_b" margin_top="0">
					<image_block rel="icon" margin_right="4px" width="32px" height="32px"> <img url="Data/icons/pen.svg" /></image_block>
					<sans_b>Choose the correct word. Then translate the sentences into Russian.</sans_b>
				</p>
				<table border-style="none" width="100%">
					<tr rel="inner-task">
						<td text-valign="top" rel="content" modify-text-nodes="sans">
							<table border-style="none" width="100%" margin_top="0" margin_bottom="0">
								<tr rel="inner-task-item">
									<td text-valign="top" text-align="center" width="30px" modify-text-nodes="sans">
										<sans_b rel="counter">1</sans_b>
									</td>
									<td text-valign="top" modify-text-nodes="sans">
										<p margin_top="0">
											<sans>Hand . . . . . and facial expressions register with children before they learn to speak.</sans>
										</p>
										<table border-style="none" margin_top="0">
											<tr>
												<td width="25.0000%">
													<sans_b>A</sans_b>
													<sans> indications</sans>
												</td>
												<td width="25.0000%">
													<sans_b>B</sans_b>
													<sans> gestures</sans>
												</td>
												<td width="25.0000%">
													<sans_b>C</sans_b>
													<sans> signals</sans>
												</td>
												<td width="25.0000%">
													<sans_b>D</sans_b>
													<sans> signs</sans>
												</td>
											</tr>
										</table>
									</td>
								</tr>
								<tr rel="inner-task-item">
									<td text-valign="top" text-align="center" width="30px" modify-text-nodes="sans">
										<sans_b rel="counter">2</sans_b>
									</td>
									<td text-valign="top" modify-text-nodes="sans">
										<p margin_top="0">
											<sans>When the radio . . . . . popularity in the 20th century, it revolutionised the way people saw the world.</sans>
										</p>
										<table border-style="none" margin_top="0">
											<tr>
												<td width="25.0000%">
													<sans_b>A</sans_b>
													<sans> gained</sans>
												</td>
												<td width="25.0000%">
													<sans_b>B</sans_b>
													<sans> earned</sans>
												</td>
												<td width="25.0000%">
													<sans_b>C</sans_b>
													<sans> got</sans>
												</td>
												<td width="25.0000%">
													<sans_b>D</sans_b>
													<sans> found</sans>
												</td>
											</tr>
										</table>
									</td>
								</tr>
								<tr rel="inner-task-item">
									<td text-valign="top" text-align="center" width="30px" modify-text-nodes="sans">
										<sans_b rel="counter">3</sans_b>
									</td>
									<td text-valign="top" modify-text-nodes="sans">
										<p margin_top="0">
											<sans>When talking pictures emerged in the 20th century, lots of cinema pianists found themselves out of . . . . . .</sans>
										</p>
										<table border-style="none" margin_top="0">
											<tr>
												<td width="25.0000%">
													<sans_b>A</sans_b>
													<sans> work</sans>
												</td>
												<td width="25.0000%">
													<sans_b>B</sans_b>
													<sans> job</sans>
												</td>
												<td width="25.0000%">
													<sans_b>C</sans_b>
													<sans> favour</sans>
												</td>
												<td width="25.0000%">
													<sans_b>D</sans_b>
													<sans> duty</sans>
												</td>
											</tr>
										</table>
									</td>
								</tr>
								<tr rel="inner-task-item">
									<td text-valign="top" text-align="center" width="30px" modify-text-nodes="sans">
										<sans_b rel="counter">4</sans_b>
									</td>
									<td text-valign="top" modify-text-nodes="sans">
										<p margin_top="0">
											<sans>The festival gave us a . . . . . of Asian music.</sans>
										</p>
										<table border-style="none" margin_top="0">
											<tr>
												<td width="25.0000%">
													<sans_b>A</sans_b>
													<sans> test</sans>
												</td>
												<td width="25.0000%">
													<sans_b>B</sans_b>
													<sans> style</sans>
												</td>
												<td width="25.0000%">
													<sans_b>C</sans_b>
													<sans> sample</sans>
												</td>
												<td width="25.0000%">
													<sans_b>D</sans_b>
													<sans> taste</sans>
												</td>
											</tr>
										</table>
									</td>
								</tr>
								<tr rel="inner-task-item">
									<td text-valign="top" text-align="center" width="30px" modify-text-nodes="sans">
										<sans_b rel="counter">5</sans_b>
									</td>
									<td text-valign="top" modify-text-nodes="sans">
										<p margin_top="0">
											<sans>At the end of the show, all the musicians . . . . . on stage for a last song.</sans>
										</p>
										<table border-style="none" margin_top="0">
											<tr>
												<td width="25.0000%">
													<sans_b>A</sans_b>
													<sans> gathered</sans>
												</td>
												<td width="25.0000%">
													<sans_b>B</sans_b>
													<sans> flocked</sans>
												</td>
												<td width="25.0000%">
													<sans_b>C</sans_b>
													<sans> collected</sans>
												</td>
												<td width="25.0000%">
													<sans_b>D</sans_b>
													<sans> grouped</sans>
												</td>
											</tr>
										</table>
									</td>
								</tr>
								<tr rel="inner-task-item">
									<td text-valign="top" text-align="center" width="30px" modify-text-nodes="sans">
										<sans_b rel="counter">6</sans_b>
									</td>
									<td text-valign="top" modify-text-nodes="sans">
										<p margin_top="0">
											<sans>Jennifer Aniston . . . . . to fame playing Rachel Green in the popular TV series Friends.</sans>
										</p>
										<table border-style="none" margin_top="0">
											<tr>
												<td width="25.0000%">
													<sans_b>A</sans_b>
													<sans> moved</sans>
												</td>
												<td width="25.0000%">
													<sans_b>B</sans_b>
													<sans> came</sans>
												</td>
												<td width="25.0000%">
													<sans_b>C</sans_b>
													<sans> arrived</sans>
												</td>
												<td width="25.0000%">
													<sans_b>D</sans_b>
													<sans> reached</sans>
												</td>
											</tr>
										</table>
									</td>
								</tr>
								<tr rel="inner-task-item">
									<td text-valign="top" text-align="center" width="30px" modify-text-nodes="sans">
										<sans_b rel="counter">7</sans_b>
									</td>
									<td text-valign="top" modify-text-nodes="sans">
										<p margin_top="0">
											<sans>The dolphin show . . . . . the main attraction of the water park.</sans>
										</p>
										<table border-style="none" margin_top="0">
											<tr>
												<td width="25.0000%">
													<sans_b>A</sans_b>
													<sans> remains</sans>
												</td>
												<td width="25.0000%">
													<sans_b>B</sans_b>
													<sans> stands</sans>
												</td>
												<td width="25.0000%">
													<sans_b>C</sans_b>
													<sans> keeps</sans>
												</td>
												<td width="25.0000%">
													<sans_b>D</sans_b>
													<sans> holds</sans>
												</td>
											</tr>
										</table>
									</td>
								</tr>
								<tr rel="inner-task-item">
									<td text-valign="top" text-align="center" width="30px" modify-text-nodes="sans">
										<sans_b rel="counter">8</sans_b>
									</td>
									<td text-valign="top" modify-text-nodes="sans">
										<p margin_top="0">
											<sans>Opinions are . . . . . on whether a single world language would be a good idea.</sans>
										</p>
										<table border-style="none" margin_top="0">
											<tr>
												<td width="25.0000%">
													<sans_b>A</sans_b>
													<sans> split</sans>
												</td>
												<td width="25.0000%">
													<sans_b>B</sans_b>
													<sans> separated</sans>
												</td>
												<td width="25.0000%">
													<sans_b>C</sans_b>
													<sans> torn</sans>
												</td>
												<td width="25.0000%">
													<sans_b>D</sans_b>
													<sans> divided</sans>
												</td>
											</tr>
										</table>
									</td>
								</tr>
							</table>
						</td>
					</tr>
				</table>
			</td>
		</tr>
	</table>
	<table border-style="none">
		<tr>
			<td text-valign="top" text-align="center" width="60px">&#160;</td>
			<td text-valign="top" rel="unit-h3" modify-text-nodes="violet_sans_h3">
				<violet_sans_h3>• Ways to talk</violet_sans_h3>
			</td>
		</tr>
	</table>
	<table rel="task" border-style="none" numbered="">
		<tr>
			<td text-valign="top" text-align="center" width="60px">
				<blue_big rel="counter">4</blue_big>
			</td>
			<td text-valign="top" rel="content">
				<p modify-text-nodes="sans_b" margin_top="0">
					<sans_b>Decide on the correct word. Make sentences of your own using the other word.</sans_b>
				</p>
				<table border-style="none" width="100%">
					<tr rel="inner-task">
						<td text-valign="top" rel="content" modify-text-nodes="sans">
							<table border-style="none" width="100%" margin_top="0" margin_bottom="0">
								<tr rel="inner-task-item">
									<td text-valign="top" text-align="center" width="30px" modify-text-nodes="sans">
										<sans_b rel="counter">1</sans_b>
									</td>
									<td text-valign="top" modify-text-nodes="sans">
										<sans>He usually </sans>
										<sans_b>mutters/mumbles</sans_b>
										<sans> his words, so I find it difficult to understand what he is saying.</sans>
									</td>
								</tr>
								<tr rel="inner-task-item">
									<td text-valign="top" text-align="center" width="30px" modify-text-nodes="sans">
										<sans_b rel="counter">2</sans_b>
									</td>
									<td text-valign="top" modify-text-nodes="sans">
										<sans>There was a </sans>
										<sans_b>whisper/murmur</sans_b>
										<sans> of approval when the Prime Minister announced his plans.</sans>
									</td>
								</tr>
								<tr rel="inner-task-item">
									<td text-valign="top" text-align="center" width="30px" modify-text-nodes="sans">
										<sans_b rel="counter">3</sans_b>
									</td>
									<td text-valign="top" modify-text-nodes="sans">
										<sans>There’s no need to </sans>
										<sans_b>shout/scream</sans_b>
										<sans>, I can hear you perfectly well.</sans>
									</td>
								</tr>
								<tr rel="inner-task-item">
									<td text-valign="top" text-align="center" width="30px" modify-text-nodes="sans">
										<sans_b rel="counter">4</sans_b>
									</td>
									<td text-valign="top" modify-text-nodes="sans">
										<sans>She gave a little </sans>
										<sans_b>yell/cry</sans_b>
										<sans> of surprise when I opened the door.</sans>
									</td>
								</tr>
								<tr rel="inner-task-item">
									<td text-valign="top" text-align="center" width="30px" modify-text-nodes="sans">
										<sans_b rel="counter">5</sans_b>
									</td>
									<td text-valign="top" modify-text-nodes="sans">
										<sans>He </sans>
										<sans_b>sighed/breathed</sans_b>
										<sans> with relief when he heard the plane had landed.</sans>
									</td>
								</tr>
							</table>
						</td>
					</tr>
				</table>
			</td>
		</tr>
	</table>
	<table border-style="none">
		<tr>
			<td text-valign="top" text-align="center" width="60px">&#160;</td>
			<td text-valign="top" rel="unit-h3" modify-text-nodes="violet_sans_h3">
				<violet_sans_h3>• Words often confused</violet_sans_h3>
			</td>
		</tr>
	</table>
	<table rel="task" border-style="none" numbered="">
		<tr>
			<td text-valign="top" text-align="center" width="60px">
				<blue_big rel="counter">5</blue_big>
			</td>
			<td text-valign="top" rel="content">
				<p modify-text-nodes="sans_b" margin_top="0">
					<sans_b>Choose the correct word. Compare with a partner.</sans_b>
				</p>
				<table border-style="none" width="100%">
					<tr rel="inner-task">
						<td text-valign="top" rel="content" modify-text-nodes="sans">
							<table border-style="none" width="100%" margin_top="0" margin_bottom="0">
								<tr rel="inner-task-item">
									<td text-valign="top" text-align="center" width="30px" modify-text-nodes="sans">
										<sans_b rel="counter">1</sans_b>
									</td>
									<td text-valign="top" modify-text-nodes="sans">
										<sans>I promise to drop you a </sans>
										<sans_b>line/letter</sans_b>
										<sans> as soon as I have any news for you.</sans>
									</td>
								</tr>
								<tr rel="inner-task-item">
									<td text-valign="top" text-align="center" width="30px" modify-text-nodes="sans">
										<sans_b rel="counter">2</sans_b>
									</td>
									<td text-valign="top" modify-text-nodes="sans">
										<sans>Peter promised to </sans>
										<sans_b>give/send</sans_b>
										<sans> me a call today, but I haven’t heard from him yet.</sans>
									</td>
								</tr>
								<tr rel="inner-task-item">
									<td text-valign="top" text-align="center" width="30px" modify-text-nodes="sans">
										<sans_b rel="counter">3</sans_b>
									</td>
									<td text-valign="top" modify-text-nodes="sans">
										<sans>Please don’t hang </sans>
										<sans_b>up/off</sans_b>
										<sans>; I’ll see if Mr Jones can speak to you now.</sans>
									</td>
								</tr>
								<tr rel="inner-task-item">
									<td text-valign="top" text-align="center" width="30px" modify-text-nodes="sans">
										<sans_b rel="counter">4</sans_b>
									</td>
									<td text-valign="top" modify-text-nodes="sans">
										<sans>We will </sans>
										<sans_b>send/post</sans_b>
										<sans> you a fax to confirm your order.</sans>
									</td>
								</tr>
							</table>
						</td>
					</tr>
				</table>
			</td>
		</tr>
	</table>

	<page number="13" />
	<table rel="task" border-style="none" numbered="">
		<tr>
			<td text-valign="top" text-align="center" width="60px">
				<blue_big rel="counter">6</blue_big>
			</td>
			<td text-valign="top" rel="content">
				<p modify-text-nodes="sans_b" margin_top="0">
					<image_block rel="icon" margin_right="4px" width="32px" height="32px"> <img url="Data/icons/pen.svg" /></image_block>
					<sans_b>Match the places of entertainment to the activities. Make sentences to describe entertainments available in Moscow.</sans_b>
				</p>
				<table border-style="none" width="100%" margin_top="0" margin_bottom="0">
					<tr>
						<td>
							<table border-style="none" width="100%">
								<tr rel="inner-task">
									<td text-valign="top" rel="content" modify-text-nodes="sans">
										<table border-style="none" width="100%" margin_top="0" margin_bottom="0">
											<tr rel="inner-task-item">
												<td text-valign="top" text-align="center" width="30px" modify-text-nodes="sans">
													<sans_b rel="counter">1</sans_b>
												</td>
												<td text-valign="top" modify-text-nodes="sans">
													<sans>nightclub</sans>
												</td>
											</tr>
											<tr rel="inner-task-item">
												<td text-valign="top" text-align="center" width="30px" modify-text-nodes="sans">
													<sans_b rel="counter">2</sans_b>
												</td>
												<td text-valign="top" modify-text-nodes="sans">
													<sans>leisure centre</sans>
												</td>
											</tr>
											<tr rel="inner-task-item">
												<td text-valign="top" text-align="center" width="30px" modify-text-nodes="sans">
													<sans_b rel="counter">3</sans_b>
												</td>
												<td text-valign="top" modify-text-nodes="sans">
													<sans>amusement arcade</sans>
												</td>
											</tr>
											<tr rel="inner-task-item">
												<td text-valign="top" text-align="center" width="30px" modify-text-nodes="sans">
													<sans_b rel="counter">4</sans_b>
												</td>
												<td text-valign="top" modify-text-nodes="sans">
													<sans>cinema</sans>
												</td>
											</tr>
											<tr rel="inner-task-item">
												<td text-valign="top" text-align="center" width="30px" modify-text-nodes="sans">
													<sans_b rel="counter">5</sans_b>
												</td>
												<td text-valign="top" modify-text-nodes="sans">
													<sans>funfair</sans>
												</td>
											</tr>
											<tr rel="inner-task-item">
												<td text-valign="top" text-align="center" width="30px" modify-text-nodes="sans">
													<sans_b rel="counter">6</sans_b>
												</td>
												<td text-valign="top" modify-text-nodes="sans">
													<sans>circus</sans>
												</td>
											</tr>
											<tr rel="inner-task-item">
												<td text-valign="top" text-align="center" width="30px" modify-text-nodes="sans">
													<sans_b rel="counter">7</sans_b>
												</td>
												<td text-valign="top" modify-text-nodes="sans">
													<sans>rock concert</sans>
												</td>
											</tr>
											<tr rel="inner-task-item">
												<td text-valign="top" text-align="center" width="30px" modify-text-nodes="sans">
													<sans_b rel="counter">8</sans_b>
												</td>
												<td text-valign="top" modify-text-nodes="sans">
													<sans>youth club</sans>
												</td>
											</tr>
										</table>
									</td>
								</tr>
							</table>
						</td>
						<td>
							<table border-style="none" rel="list" list-style-symbols="a b c d e f g h" class="to-sans">
								<tr rel="list-item">
									<td text-valign="top" text-align="center" width="60px" modify-text-nodes="sans_b">
										<sans_b>a</sans_b>
									</td>
									<td text-valign="top" rel="content" modify-text-nodes="sans">
										<sans>meet other people for social activities</sans>
									</td>
								</tr>
								<tr rel="list-item">
									<td text-valign="top" text-align="center" width="60px" modify-text-nodes="sans_b">
										<sans_b>b</sans_b>
									</td>
									<td text-valign="top" rel="content" modify-text-nodes="sans">
										<sans>see a film</sans>
									</td>
								</tr>
								<tr rel="list-item">
									<td text-valign="top" text-align="center" width="60px" modify-text-nodes="sans_b">
										<sans_b>c</sans_b>
									</td>
									<td text-valign="top" rel="content" modify-text-nodes="sans">
										<sans>play video games</sans>
									</td>
								</tr>
								<tr rel="list-item">
									<td text-valign="top" text-align="center" width="60px" modify-text-nodes="sans_b">
										<sans_b>d</sans_b>
									</td>
									<td text-valign="top" rel="content" modify-text-nodes="sans">
										<sans>go on a roller-coaster ride</sans>
									</td>
								</tr>
								<tr rel="list-item">
									<td text-valign="top" text-align="center" width="60px" modify-text-nodes="sans_b">
										<sans_b>e</sans_b>
									</td>
									<td text-valign="top" rel="content" modify-text-nodes="sans">
										<sans>see trapeze artists</sans>
									</td>
								</tr>
								<tr rel="list-item">
									<td text-valign="top" text-align="center" width="60px" modify-text-nodes="sans_b">
										<sans_b>f</sans_b>
									</td>
									<td text-valign="top" rel="content" modify-text-nodes="sans">
										<sans>dance</sans>
									</td>
								</tr>
								<tr rel="list-item">
									<td text-valign="top" text-align="center" width="60px" modify-text-nodes="sans_b">
										<sans_b>g</sans_b>
									</td>
									<td text-valign="top" rel="content" modify-text-nodes="sans">
										<sans>listen to your favourite band</sans>
									</td>
								</tr>
								<tr rel="list-item">
									<td text-valign="top" text-align="center" width="60px" modify-text-nodes="sans_b">
										<sans_b>h</sans_b>
									</td>
									<td text-valign="top" rel="content" modify-text-nodes="sans">
										<sans>play a game of squash</sans>
									</td>
								</tr>
							</table>
						</td>
					</tr>
				</table>
				<p modify-text-nodes="sans_b" margin_top="0">
					<sans_i>e.g. The best rock concerts in Moscow are held at the Olimpiyskiy.</sans_i>
				</p>
			</td>
		</tr>
	</table>
	<table border-style="none">
		<tr>
			<td text-valign="top" text-align="center" width="60px">&#160;</td>
			<td text-valign="top">
				<violet_sans_h2>Everyday English</violet_sans_h2>
			</td>
		</tr>
	</table>
	<table border-style="none">
		<tr>
			<td text-valign="top" text-align="center" width="60px">&#160;</td>
			<td text-valign="top" rel="unit-h3" modify-text-nodes="violet_sans_h3">
				<violet_sans_h3>• Expressing preferences</violet_sans_h3>
			</td>
		</tr>
	</table>
	<table rel="task" border-style="none" numbered="">
		<tr>
			<td text-valign="top" text-align="center" width="60px">
				<blue_big rel="counter">7</blue_big>
			</td>
			<td text-valign="top" rel="content">
				<p modify-text-nodes="sans_b" margin_top="0">
					<sans_b>You and your friend are trying to decide what to do this Saturday evening. Use the table below to discuss your preferences. You can use ideas from Ex. 6 and the Events page on www.mos.ru to find out what is on.</sans_b>
				</p>
				<table width="100%" border-size="3px" border-color="0087BF" rel="everyday-english-table">
					<tr>
						<td width="50%" text-align="center" text-valign="center" bgcolor="A2D0E9">
							<sans_b>Asking about preferences</sans_b>
						</td>
						<td width="50%" text-align="center" text-valign="center" bgcolor="A2D0E9">
							<sans_b>Expressing preferences</sans_b>
						</td>
					</tr>
					<tr>
						<td text-valign="top">
							<media_container padding_left="10px">
								<p modify-text-nodes="sans" margin_top="0">
									<sans>• Do you want + to -infinitive …?</sans>
								</p>
								<p modify-text-nodes="sans" margin_top="0">
									<sans>• Do you fancy + -ing form …?</sans>
								</p>
								<p modify-text-nodes="sans" margin_top="0">
									<sans>• Would you like + to -infinitive …?</sans>
								</p>
								<p modify-text-nodes="sans" margin_top="0">
									<sans>• Where would you rather + bare infinitive</sans>
								</p>
							</media_container>
						</td>
						<td text-valign="top">
							<media_container padding_left="10px">
								<p modify-text-nodes="sans" margin_top="0">
									<sans>• I’d prefer + to -infinitive/noun</sans>
								</p>
								<p modify-text-nodes="sans" margin_top="0">
									<sans>• I’d much rather + bare infinitive (+ than + bare infinitive)</sans>
								</p>
								<p modify-text-nodes="sans" margin_top="0">
									<sans>• I’d rather not … I’m not so keen on ...</sans>
								</p>
								<p modify-text-nodes="sans" margin_top="0">
									<sans>• Not really. I’d rather …</sans>
								</p>
							</media_container>
						</td>
					</tr>
				</table>
				<table border-style="none" width="100%" margin_top="0" margin_bottom="0">
					<tr>
						<td>
							<table border-style="none" width="100%">
								<tr rel="inner-task">
									<td text-valign="top" rel="content" modify-text-nodes="sans">
										<table border-style="none" width="100%" margin_top="0" margin_bottom="0">
											<tr rel="inner-task-item">
												<td text-valign="top" text-align="center" width="30px" modify-text-nodes="sans">
													<sans_b rel="counter">1</sans_b>
												</td>
												<td text-valign="top" modify-text-nodes="sans">
													<sans>nightclub</sans>
												</td>
											</tr>
											<tr rel="inner-task-item">
												<td text-valign="top" text-align="center" width="30px" modify-text-nodes="sans">
													<sans_b rel="counter">2</sans_b>
												</td>
												<td text-valign="top" modify-text-nodes="sans">
													<sans>leisure centre</sans>
												</td>
											</tr>
											<tr rel="inner-task-item">
												<td text-valign="top" text-align="center" width="30px" modify-text-nodes="sans">
													<sans_b rel="counter">3</sans_b>
												</td>
												<td text-valign="top" modify-text-nodes="sans">
													<sans>amusement arcade</sans>
												</td>
											</tr>
											<tr rel="inner-task-item">
												<td text-valign="top" text-align="center" width="30px" modify-text-nodes="sans">
													<sans_b rel="counter">4</sans_b>
												</td>
												<td text-valign="top" modify-text-nodes="sans">
													<sans>cinema</sans>
												</td>
											</tr>
											<tr rel="inner-task-item">
												<td text-valign="top" text-align="center" width="30px" modify-text-nodes="sans">
													<sans_b rel="counter">5</sans_b>
												</td>
												<td text-valign="top" modify-text-nodes="sans">
													<sans>funfair</sans>
												</td>
											</tr>
											<tr rel="inner-task-item">
												<td text-valign="top" text-align="center" width="30px" modify-text-nodes="sans">
													<sans_b rel="counter">6</sans_b>
												</td>
												<td text-valign="top" modify-text-nodes="sans">
													<sans>circus</sans>
												</td>
											</tr>
											<tr rel="inner-task-item">
												<td text-valign="top" text-align="center" width="30px" modify-text-nodes="sans">
													<sans_b rel="counter">7</sans_b>
												</td>
												<td text-valign="top" modify-text-nodes="sans">
													<sans>rock concert</sans>
												</td>
											</tr>
											<tr rel="inner-task-item">
												<td text-valign="top" text-align="center" width="30px" modify-text-nodes="sans">
													<sans_b rel="counter">8</sans_b>
												</td>
												<td text-valign="top" modify-text-nodes="sans">
													<sans>youth club</sans>
												</td>
											</tr>
										</table>
									</td>
								</tr>
							</table>
						</td>
						<td>
							<table border-style="none" rel="list" list-style-symbols="a b c d e f g h" class="to-sans">
								<tr rel="list-item">
									<td text-valign="top" text-align="center" width="60px" modify-text-nodes="sans_b">
										<sans_b>a</sans_b>
									</td>
									<td text-valign="top" rel="content" modify-text-nodes="sans">
										<sans>meet other people for social activities</sans>
									</td>
								</tr>
								<tr rel="list-item">
									<td text-valign="top" text-align="center" width="60px" modify-text-nodes="sans_b">
										<sans_b>b</sans_b>
									</td>
									<td text-valign="top" rel="content" modify-text-nodes="sans">
										<sans>see a film</sans>
									</td>
								</tr>
								<tr rel="list-item">
									<td text-valign="top" text-align="center" width="60px" modify-text-nodes="sans_b">
										<sans_b>c</sans_b>
									</td>
									<td text-valign="top" rel="content" modify-text-nodes="sans">
										<sans>play video games</sans>
									</td>
								</tr>
								<tr rel="list-item">
									<td text-valign="top" text-align="center" width="60px" modify-text-nodes="sans_b">
										<sans_b>d</sans_b>
									</td>
									<td text-valign="top" rel="content" modify-text-nodes="sans">
										<sans>go on a roller-coaster ride</sans>
									</td>
								</tr>
								<tr rel="list-item">
									<td text-valign="top" text-align="center" width="60px" modify-text-nodes="sans_b">
										<sans_b>e</sans_b>
									</td>
									<td text-valign="top" rel="content" modify-text-nodes="sans">
										<sans>see trapeze artists</sans>
									</td>
								</tr>
								<tr rel="list-item">
									<td text-valign="top" text-align="center" width="60px" modify-text-nodes="sans_b">
										<sans_b>f</sans_b>
									</td>
									<td text-valign="top" rel="content" modify-text-nodes="sans">
										<sans>dance</sans>
									</td>
								</tr>
								<tr rel="list-item">
									<td text-valign="top" text-align="center" width="60px" modify-text-nodes="sans_b">
										<sans_b>g</sans_b>
									</td>
									<td text-valign="top" rel="content" modify-text-nodes="sans">
										<sans>listen to your favourite band</sans>
									</td>
								</tr>
								<tr rel="list-item">
									<td text-valign="top" text-align="center" width="60px" modify-text-nodes="sans_b">
										<sans_b>h</sans_b>
									</td>
									<td text-valign="top" rel="content" modify-text-nodes="sans">
										<sans>play a game of squash</sans>
									</td>
								</tr>
							</table>
						</td>
					</tr>
				</table>
				<table border-style="none" width="100%" margin_top="0" margin_bottom="0">
					<tr>
						<td text-valign="top">
							<sans_i>e.g.</sans_i>
						</td>
						<td modify-child-text-nodes="sans_i">
							<p margin_top="0">
								<sans_i>A: Would you like to go to a nightclub this Saturday?</sans_i>
							</p>
							<p margin_top="0">
								<sans_i>B: I’d prefer to go to the cinema. There’s a good comedy on.</sans_i>
							</p>
							<p margin_top="0">
								<sans_i>A: Well, I’d rather not. I’m not in the mood. Would you like to …?</sans_i>
							</p>
						</td>
					</tr>
				</table>
			</td>
		</tr>
	</table>
	<table rel="task" border-style="none">
		<tr>
			<td text-valign="top" text-align="center" width="60px">
				<blue_big rel="counter">8</blue_big>
			</td>
			<td text-valign="top" rel="content">
				<p modify-text-nodes="sans_b" margin_top="0">
					<image_block rel="icon" margin_right="4px" height="32px" width="56px"> <img url="Data/icons/think.svg" /></image_block>
					<sans_b>Read the joke. Why do you think Sally cried?</sans_b>
				</p>
				<p align="center" modify-text-nodes="sans_b">
					<image_block rel="image"> <img url="Data/images/13-1.png" /></image_block>
				</p>
			</td>
		</tr>
	</table>
	<table border-style="none" rel="study-skills">
		<tr>
			<td>
				<media_container padding_left="16px" padding_top="12px" padding_right="16px" padding_bottom="16px">
					<blue_sans_b>Study Skills</blue_sans_b>
				</media_container>
			</td>
		</tr>
		<tr>
			<td border-style="solid" border-color="150959" border-size="2px">
				<media_container padding_left="16px" padding_top="12px" padding_right="16px" padding_bottom="16px" rel="content">
					<p modify-text-nodes="sans_b">
						<sans_b>Text completion (word formation)</sans_b>
					</p>
					<p modify-text-nodes="sans">
						<sans>Read the title to get a general idea of what the text is about. Read the text once to get the gist. Read again, thinking about what kind of word is missing from each gap. Look at the word in capitals and choose the appropriate derivative of the word to fill the gap. Read the completed text to check it makes sense.</sans>
					</p>
				</media_container>
			</td>
		</tr>
	</table>
	<table border-style="none">
		<tr>
			<td text-valign="top" text-align="center" width="60px">&#160;</td>
			<td text-valign="top" rel="unit-h3" modify-text-nodes="violet_sans_h3">
				<violet_sans_h3>• Word formation</violet_sans_h3>
			</td>
		</tr>
	</table>
	<table rel="task" border-style="none">
		<tr>
			<td text-valign="top" text-align="center" width="60px">
				<blue_big rel="counter">9</blue_big>
			</td>
			<td text-valign="top" rel="content">
				<p modify-text-nodes="sans_b" margin_top="0">
					<image_block rel="icon" margin_right="4px" width="32px" height="32px"> <img url="Data/icons/pen.svg" /></image_block>
					<image_block rel="icon" margin_right="4px" height="32px" width="52px"> <img url="Data/icons/rne.svg" /></image_block>
					<sans_b>Read the text given below. Form derivatives from the words written in capital letters at the end of the lines and marked by numbers 1-6 to make them match the contents of the text grammatically and lexically. Complete the gaps with transformed words. Each gap corresponds with a separate task from group 1-6.</sans_b>
				</p>
				<p align="center" modify-text-nodes="sans_b">
					<image_block rel="image"> <img url="Data/images/13-2.png" /></image_block>
				</p>
				<table border-style="none" width="100%" rel="text-with-matches">
					<tr>
						<td modify-child-text-nodes="sans">
							<p margin_top="0">
								<sans>Many languages are spoken throughout the world, yet according to the myth of the Tower of Babel, there was a time in the past when all people spoke a </sans>
								<sans_b>1) .....</sans_b>
								<sans> language. Although this doesn’t seem a very </sans>
								<sans_b>2) .....</sans_b>
								<sans> story if you consider how many languages are spoken in the world today, what is true is that all through history people have always searched for the ideal language of </sans>
								<sans_b>3) .....</sans_b>
								<sans> between different </sans>
								<sans_b>4) .....</sans_b>
								<sans> .</sans>
							</p>
							<p margin_top="0">
								<sans>Historically, languages have risen and fallen in popularity. Both Latin and Greek were once the world’s most </sans>
								<sans_b>5) .....</sans_b>
								<sans> languages. At the moment, English is the nearest we have to a common language but the </sans>
								<sans_b>6) .....</sans_b>
								<sans> is that this will change in the future. Some claim that Chinese will become a global language one day.</sans>
							</p>
						</td>
						<td text-valign="top" text-align="center">
							<image_block rel="image"> <img url="Data/images/13-3.png" /></image_block>
							<table border-color="4FFFFF" border-size="2px">
								<tr>
									<td text-align="left">
										<media_container padding_left="10px" padding_right="10px" padding_top="5px">
											<p>
												<nobr>
													<sans_b>1) UNIVERSE</sans_b>
												</nobr>
											</p>
											<p>
												<nobr>
													<sans_b>2) BELIEVE</sans_b>
												</nobr>
											</p>
											<p>
												<nobr>
													<sans_b>3) COMMUNICATE</sans_b>
												</nobr>
											</p>
											<p>
												<nobr>
													<sans_b>4) NATIONAL</sans_b>
												</nobr>
											</p>
											<p>
												<nobr>
													<sans_b>5) INFLUENCE</sans_b>
												</nobr>
											</p>
											<p>
												<nobr>
													<sans_b>6) LIKE</sans_b>
												</nobr>
											</p>
										</media_container>
									</td>
								</tr>
							</table>
						</td>
					</tr>
					<tr>
						<td width="100%" />
						<td/> </tr>
				</table>
			</td>
		</tr>
	</table>

</paragraph>