<paragraph version="1.0" id="paragraph_21" module="4" unit="2" first-page="106">

	<page number="106" />
	<table border-style="none">
		<tr>
			<td>
				<image_block class="inner_left"> <img url="Data/images/headers/unit/4-2.png" /> </image_block>
			</td>
		</tr>
	</table>
	<table border-style="none">
		<tr>
			<td text-valign="top" text-align="center" width="60px">&#160;</td>
			<td text-valign="top">
				<violet_sans_h2>Vocabulary & Grammar</violet_sans_h2>
			</td>
		</tr>
	</table>
	<table border-style="none">
		<tr>
			<td text-valign="top" text-align="center" width="60px">&#160;</td>
			<td text-valign="top" rel="unit-h3" modify-text-nodes="violet_sans_h3">
				<violet_sans_h3>• Weather</violet_sans_h3>
			</td>
		</tr>
	</table>
	<table rel="task" border-style="none">
		<tr>
			<td text-valign="top" text-align="center" width="60px">
				<blue_big rel="counter">1</blue_big>
			</td>
			<td text-valign="top" rel="content">
				<p modify-text-nodes="sans_b" margin_top="0">
					<sans_b>List the words below under the headings from the mildest to the strongest. Which of these weather phenomena are common in your country?</sans_b>
				</p>
				<nobr rel="task-item" modify-text-nodes="sans">
					<sans>•&#160;rain&#160;&#160;</sans>
				</nobr>
				<text/>
				<nobr rel="task-item" modify-text-nodes="sans">
					<sans>•&#160;fog&#160;&#160;</sans>
				</nobr>
				<text/>
				<nobr rel="task-item" modify-text-nodes="sans">
					<sans>•&#160;drizzle&#160;&#160;</sans>
				</nobr>
				<text/>
				<nobr rel="task-item" modify-text-nodes="sans">
					<sans>•&#160;storm&#160;&#160;</sans>
				</nobr>
				<text/>
				<nobr rel="task-item" modify-text-nodes="sans">
					<sans>•&#160;snow&#160;&#160;</sans>
				</nobr>
				<text/>
				<nobr rel="task-item" modify-text-nodes="sans">
					<sans>•&#160;ice&#160;&#160;</sans>
				</nobr>
				<text/>
				<nobr rel="task-item" modify-text-nodes="sans">
					<sans>•&#160;heatwave&#160;&#160;</sans>
				</nobr>
				<text/>
				<nobr rel="task-item" modify-text-nodes="sans">
					<sans>•&#160;downpour&#160;&#160;</sans>
				</nobr>
				<text/>
				<nobr rel="task-item" modify-text-nodes="sans">
					<sans>•&#160;gust&#160;&#160;</sans>
				</nobr>
				<text/>
				<nobr rel="task-item" modify-text-nodes="sans">
					<sans>•&#160;flood&#160;&#160;</sans>
				</nobr>
				<text/>
				<nobr rel="task-item" modify-text-nodes="sans">
					<sans>•&#160;frost&#160;&#160;</sans>
				</nobr>
				<text/>
				<nobr rel="task-item" modify-text-nodes="sans">
					<sans>•&#160;gale&#160;&#160;</sans>
				</nobr>
				<text/>
				<nobr rel="task-item" modify-text-nodes="sans">
					<sans>•&#160;hurricane&#160;&#160;</sans>
				</nobr>
				<text/>
				<nobr rel="task-item" modify-text-nodes="sans">
					<sans>•&#160;hail&#160;&#160;</sans>
				</nobr>
				<text/>
				<nobr rel="task-item" modify-text-nodes="sans">
					<sans>•&#160;drought&#160;&#160;</sans>
				</nobr>
				<text/>
				<nobr rel="task-item" modify-text-nodes="sans">
					<sans>•&#160;cyclone&#160;&#160;</sans>
				</nobr>
				<text/>
				<nobr rel="task-item" modify-text-nodes="sans">
					<sans>•&#160;monsoon&#160;&#160;</sans>
				</nobr>
				<text/>
				<nobr rel="task-item" modify-text-nodes="sans">
					<sans>•&#160;sunny&#160;&#160;</sans>
				</nobr>
				<text/>
				<p align="center" modify-text-nodes="sans_b">
					<image_block rel="image"> <img url="Data/images/106-1.png" /></image_block>
				</p>
			</td>
		</tr>
	</table>
	<table rel="task" border-style="none" numbered="">
		<tr>
			<td text-valign="top" text-align="center" width="60px">
				<blue_big rel="counter">2</blue_big>
			</td>
			<td text-valign="top" rel="content">
				<p modify-text-nodes="sans_b" margin_top="0">
					<sans_b>Choose the correct word. Then translate the sentences into Russian.</sans_b>
				</p>
				<table border-style="none" width="100%">
					<tr rel="inner-task">
						<td text-valign="top" rel="content" modify-text-nodes="sans">
							<table border-style="none" width="100%" margin_top="0" margin_bottom="0">
								<tr rel="inner-task-item">
									<td text-valign="top" text-align="center" width="30px" modify-text-nodes="sans">
										<sans_b rel="counter">1</sans_b>
									</td>
									<td text-valign="top" modify-text-nodes="sans">
										<sans>It was only </sans>
										<sans_b>pouring/drizzling</sans_b>
										<sans> lightly but we still got wet through.</sans>
									</td>
								</tr>
								<tr rel="inner-task-item">
									<td text-valign="top" text-align="center" width="30px" modify-text-nodes="sans">
										<sans_b rel="counter">2</sans_b>
									</td>
									<td text-valign="top" modify-text-nodes="sans">
										<sans>It was </sans>
										<sans_b>baking/flaming</sans_b>
										<sans> hot under the midday sun so we stayed indoors.</sans>
									</td>
								</tr>
								<tr rel="inner-task-item">
									<td text-valign="top" text-align="center" width="30px" modify-text-nodes="sans">
										<sans_b rel="counter">3</sans_b>
									</td>
									<td text-valign="top" modify-text-nodes="sans">
										<sans>Be careful of that saucepan – the soup is boiling/ beaming hot!</sans>
									</td>
								</tr>
								<tr rel="inner-task-item">
									<td text-valign="top" text-align="center" width="30px" modify-text-nodes="sans">
										<sans_b rel="counter">4</sans_b>
									</td>
									<td text-valign="top" modify-text-nodes="sans">
										<sans>The rain </sans>
										<sans_b>beamed/poured</sans_b>
										<sans> down and the road became like a river.</sans>
									</td>
								</tr>
								<tr rel="inner-task-item">
									<td text-valign="top" text-align="center" width="30px" modify-text-nodes="sans">
										<sans_b rel="counter">5</sans_b>
									</td>
									<td text-valign="top" modify-text-nodes="sans">
										<sans>After a night with temperatures below zero, the frost </sans>
										<sans_b>glowed/sparkled</sans_b>
										<sans> in the morning sun.</sans>
									</td>
								</tr>
								<tr rel="inner-task-item">
									<td text-valign="top" text-align="center" width="30px" modify-text-nodes="sans">
										<sans_b rel="counter">6</sans_b>
									</td>
									<td text-valign="top" modify-text-nodes="sans">
										<sans>They looked at the </sans>
										<sans_b>thick/wide</sans_b>
										<sans> clouds and realised it was going to rain.</sans>
									</td>
								</tr>
								<tr rel="inner-task-item">
									<td text-valign="top" text-align="center" width="30px" modify-text-nodes="sans">
										<sans_b rel="counter">7</sans_b>
									</td>
									<td text-valign="top" modify-text-nodes="sans">
										<sans>That new boy in my class looks very </sans>
										<sans_b>bright/shining</sans_b>
										<sans>.</sans>
									</td>
								</tr>
								<tr rel="inner-task-item">
									<td text-valign="top" text-align="center" width="30px" modify-text-nodes="sans">
										<sans_b rel="counter">8</sans_b>
									</td>
									<td text-valign="top" modify-text-nodes="sans">
										<sans>The storm was so </sans>
										<sans_b>fierce/angry</sans_b>
										<sans> that dozens of trees were uprooted in our area.</sans>
									</td>
								</tr>
							</table>
						</td>
					</tr>
				</table>
			</td>
		</tr>
	</table>
	<table border-style="none">
		<tr>
			<td text-valign="top" text-align="center" width="60px">&#160;</td>
			<td text-valign="top">
				<violet_sans_h2>Listening & Speaking</violet_sans_h2>
			</td>
		</tr>
	</table>
	<table rel="task" border-style="none">
		<tr>
			<td text-valign="top" text-align="center" width="60px">
				<blue_big rel="counter">3</blue_big>
			</td>
			<td text-valign="top" rel="content">
				<p modify-text-nodes="sans_b" margin_top="0">
					<image_block rel="icon" margin_right="4px" height="32px" width="42px"> <img url="Data/icons/headphones.svg" /></image_block>
					<sans_b> Listen to two people talking about their holiday. Where does the dialogue take place? What exactly are they talking about? How do they feel?</sans_b>
				</p>
			</td>
		</tr>
	</table>
	<table border-style="none">
		<tr>
			<td text-valign="top" text-align="center" width="60px">&#160;</td>
			<td text-valign="top">
				<violet_sans_h2>Everyday English</violet_sans_h2>
			</td>
		</tr>
	</table>
	<table border-style="none">
		<tr>
			<td text-valign="top" text-align="center" width="60px">&#160;</td>
			<td text-valign="top" rel="unit-h3" modify-text-nodes="violet_sans_h3">
				<violet_sans_h3>• Annoyance/Sympathy</violet_sans_h3>
			</td>
		</tr>
	</table>
	<table rel="task" border-style="none">
		<tr>
			<td text-valign="top" text-align="center" width="60px">
				<blue_big rel="counter">4</blue_big>
			</td>
			<td text-valign="top" rel="content">
				<p modify-text-nodes="sans_b" margin_top="0">
					<sans_b>Work in pairs. You were away at the weekend but you didn’t enjoy it. Use phrases from the table below to act out your dialogue.</sans_b>
				</p>
				<table width="100%" border-size="3px" border-color="0087BF" rel="everyday-english-table">
					<tr>
						<td width="50%" text-align="center" text-valign="center" bgcolor="A2D0E9">
							<sans_b>Expressing annoyance</sans_b>
						</td>
						<td width="50%" text-align="center" text-valign="center" bgcolor="A2D0E9">
							<sans_b>Express sympathy</sans_b>
						</td>
					</tr>
					<tr>
						<td text-valign="top">
							<media_container padding_left="10px">
								<p modify-text-nodes="sans" margin_top="0">
									<sans>• What a dreadful/terrible ... .</sans>
								</p>
								<p modify-text-nodes="sans" margin_top="0">
									<sans>• It wasn’t very ..., was it?</sans>
								</p>
								<p modify-text-nodes="sans" margin_top="0">
									<sans>• They could at least ...</sans>
								</p>
							</media_container>
						</td>
						<td text-valign="top">
							<media_container padding_left="10px">
								<p modify-text-nodes="sans" margin_top="0">
									<sans>• It’s a pity.</sans>
								</p>
								<p modify-text-nodes="sans" margin_top="0">
									<sans>• I’m so sorry.</sans>
								</p>
								<p modify-text-nodes="sans" margin_top="0">
									<sans>• Oh, dear!</sans>
								</p>
								<p modify-text-nodes="sans" margin_top="0">
									<sans>• That’s a shame.</sans>
								</p>
							</media_container>
						</td>
					</tr>
				</table>
			</td>
		</tr>
	</table>
	<table border-style="none">
		<tr>
			<td text-valign="top" text-align="center" width="60px">&#160;</td>
			<td text-valign="top" rel="unit-h3" modify-text-nodes="violet_sans_h3">
				<violet_sans_h3>• Idioms</violet_sans_h3>
			</td>
		</tr>
	</table>
	<table rel="task" border-style="none" numbered="">
		<tr>
			<td text-valign="top" text-align="center" width="60px">
				<blue_big rel="counter">5</blue_big>
			</td>
			<td text-valign="top" rel="content">
				<p modify-text-nodes="sans_b" margin_top="0">
					<sans_b>Explain the idioms in bold. Are there similar ones in your language? Which idiom best describes the picture?</sans_b>
				</p>
				<p align="center" modify-text-nodes="sans_b">
					<image_block rel="image"> <img url="Data/images/106-2.png" /></image_block>
				</p>
				<table border-style="none" width="100%">
					<tr rel="inner-task">
						<td text-valign="top" rel="content" modify-text-nodes="sans">
							<table border-style="none" width="100%" margin_top="0" margin_bottom="0">
								<tr rel="inner-task-item">
									<td text-valign="top" text-align="center" width="30px" modify-text-nodes="sans">
										<sans_b rel="counter">1</sans_b>
									</td>
									<td text-valign="top" modify-text-nodes="sans">
										<sans>I got caught in a downpour and was </sans>
										<sans_b>soaked to the skin.</sans_b>
									</td>
								</tr>
								<tr rel="inner-task-item">
									<td text-valign="top" text-align="center" width="30px" modify-text-nodes="sans">
										<sans_b rel="counter">2</sans_b>
									</td>
									<td text-valign="top" modify-text-nodes="sans">
										<sans>The coast guard has to go out </sans>
										<sans_b>in all weathers.</sans_b>
									</td>
								</tr>
								<tr rel="inner-task-item">
									<td text-valign="top" text-align="center" width="30px" modify-text-nodes="sans">
										<sans_b rel="counter">3</sans_b>
									</td>
									<td text-valign="top" modify-text-nodes="sans">
										<sans>John doesn’t feel well, he’s </sans>
										<sans_b>under the weather.</sans_b>
									</td>
								</tr>
								<tr rel="inner-task-item">
									<td text-valign="top" text-align="center" width="30px" modify-text-nodes="sans">
										<sans_b rel="counter">4</sans_b>
									</td>
									<td text-valign="top" modify-text-nodes="sans">
										<sans>It wasn’t a serious argument, just </sans>
										<sans_b>a storm in a teacup,</sans_b>
										<sans> really.</sans>
									</td>
								</tr>
								<tr rel="inner-task-item">
									<td text-valign="top" text-align="center" width="30px" modify-text-nodes="sans">
										<sans_b rel="counter">5</sans_b>
									</td>
									<td text-valign="top" modify-text-nodes="sans">
										<sans>Katie puts some money in the bank every month </sans>
										<sans_b>for a rainy day.</sans_b>
									</td>
								</tr>
							</table>
						</td>
					</tr>
				</table>
			</td>
		</tr>
	</table>
	<table border-style="none">
		<tr>
			<td text-valign="top" text-align="center" width="60px">&#160;</td>
			<td text-valign="top" rel="unit-h3" modify-text-nodes="violet_sans_h3">
				<violet_sans_h3>• Problems</violet_sans_h3>
			</td>
		</tr>
	</table>
	<table rel="task" border-style="none" numbered="">
		<tr>
			<td text-valign="top" text-align="center" width="60px">
				<blue_big rel="counter">6</blue_big>
			</td>
			<td text-valign="top" rel="content">
				<p modify-text-nodes="sans_b" margin_top="0">
					<sans_b>Choose the correct word.</sans_b>
				</p>
				<table border-style="none" width="100%">
					<tr rel="inner-task">
						<td text-valign="top" rel="content" modify-text-nodes="sans">
							<table border-style="none" width="100%" margin_top="0" margin_bottom="0">
								<tr rel="inner-task-item">
									<td text-valign="top" text-align="center" width="30px" modify-text-nodes="sans">
										<sans_b rel="counter">1</sans_b>
									</td>
									<td text-valign="top" modify-text-nodes="sans">
										<sans>Most teenagers will feel some peer </sans>
										<sans_b>pressure/force</sans_b>
										<sans> at one time or another.</sans>
									</td>
								</tr>
								<tr rel="inner-task-item">
									<td text-valign="top" text-align="center" width="30px" modify-text-nodes="sans">
										<sans_b rel="counter">2</sans_b>
									</td>
									<td text-valign="top" modify-text-nodes="sans">
										<sans>Karl hasn’t got many friends because he has a rather selfish </sans>
										<sans_b>attitude/behaviour</sans_b>
										<sans> at times.</sans>
									</td>
								</tr>
								<tr rel="inner-task-item">
									<td text-valign="top" text-align="center" width="30px" modify-text-nodes="sans">
										<sans_b rel="counter">3</sans_b>
									</td>
									<td text-valign="top" modify-text-nodes="sans">
										<sans>People who </sans>
										<sans_b>lack/miss</sans_b>
										<sans> self-esteem have problems feeling good about themselves.</sans>
									</td>
								</tr>
								<tr rel="inner-task-item">
									<td text-valign="top" text-align="center" width="30px" modify-text-nodes="sans">
										<sans_b rel="counter">4</sans_b>
									</td>
									<td text-valign="top" modify-text-nodes="sans">
										<sans>Going through school with no friends was a </sans>
										<sans_b>hurtful/painful</sans_b>
										<sans> experience for him.</sans>
									</td>
								</tr>
								<tr rel="inner-task-item">
									<td text-valign="top" text-align="center" width="30px" modify-text-nodes="sans">
										<sans_b rel="counter">5</sans_b>
									</td>
									<td text-valign="top" modify-text-nodes="sans">
										<sans>She looked to her elder sister to be her role </sans>
										<sans_b>model/partner</sans_b>
										<sans>.</sans>
									</td>
								</tr>
								<tr rel="inner-task-item">
									<td text-valign="top" text-align="center" width="30px" modify-text-nodes="sans">
										<sans_b rel="counter">6</sans_b>
									</td>
									<td text-valign="top" modify-text-nodes="sans">
										<sans>At his new school he had to </sans>
										<sans_b>adopt/adapt</sans_b>
										<sans> his behaviour to fit in with everyone.</sans>
									</td>
								</tr>
							</table>
						</td>
					</tr>
				</table>
			</td>
		</tr>
	</table>

	<page number="107" />
	<table rel="task" border-style="none" numbered="">
		<tr>
			<td text-valign="top" text-align="center" width="60px">
				<blue_big rel="counter">7</blue_big>
			</td>
			<td text-valign="top" rel="content">
				<p modify-text-nodes="sans_b" margin_top="0">
					<image_block rel="icon" margin_right="4px" width="32px" height="32px"> <img url="Data/icons/pen.svg" /></image_block>
					<green_sans_b>Control</green_sans_b>
					<sans_b> or </sans_b>
					<green_sans_b>Check</green_sans_b>
					<sans_b>? Complete the gaps. Use the completed phrases in sentences of your own.</sans_b>
				</p>
				<table border-style="none" width="100%">
					<tr rel="inner-task">
						<td text-valign="top" rel="content" modify-text-nodes="sans">
							<table border-style="none" width="100%" margin_top="0" margin_bottom="0">
								<tr rel="inner-task-item">
									<td text-valign="top" text-align="center" width="30px" modify-text-nodes="sans">
										<sans_b rel="counter">1</sans_b>
									</td>
									<td text-valign="top" modify-text-nodes="sans">
										<sans>..... the exam answers, </sans>
									</td>
								</tr>
								<tr rel="inner-task-item">
									<td text-valign="top" text-align="center" width="30px" modify-text-nodes="sans">
										<sans_b rel="counter">2</sans_b>
									</td>
									<td text-valign="top" modify-text-nodes="sans">
										<sans>..... your dog,</sans>
									</td>
								</tr>
								<tr rel="inner-task-item">
									<td text-valign="top" text-align="center" width="30px" modify-text-nodes="sans">
										<sans_b rel="counter">3</sans_b>
									</td>
									<td text-valign="top" modify-text-nodes="sans">
										<sans>..... the information, </sans>
									</td>
								</tr>
								<tr rel="inner-task-item">
									<td text-valign="top" text-align="center" width="30px" modify-text-nodes="sans">
										<sans_b rel="counter">4</sans_b>
									</td>
									<td text-valign="top" modify-text-nodes="sans">
										<sans>..... your temper,</sans>
									</td>
								</tr>
								<tr rel="inner-task-item">
									<td text-valign="top" text-align="center" width="30px" modify-text-nodes="sans">
										<sans_b rel="counter">5</sans_b>
									</td>
									<td text-valign="top" modify-text-nodes="sans">
										<sans>..... your actions</sans>
									</td>
								</tr>
							</table>
						</td>
					</tr>
				</table>
			</td>
		</tr>
	</table>
	<table border-style="none">
		<tr>
			<td text-valign="top" text-align="center" width="60px">&#160;</td>
			<td text-valign="top" rel="unit-h3" modify-text-nodes="violet_sans_h3">
				<violet_sans_h3>• Prepositions</violet_sans_h3>
			</td>
		</tr>
	</table>
	<table rel="task" border-style="none" numbered="">
		<tr>
			<td text-valign="top" text-align="center" width="60px">
				<blue_big rel="counter">8</blue_big>
			</td>
			<td text-valign="top" rel="content">
				<p modify-text-nodes="sans_b" margin_top="0">
					<image_block rel="icon" margin_right="4px" width="32px" height="32px"> <img url="Data/icons/pen.svg" /></image_block>
					<sans_b> Complete with: </sans_b>
					<blue_sans>at, to, for, about, with, in</blue_sans>
					<sans_b>. Check in Appendix II.</sans_b>
				</p>
				<table border-style="none" width="100%">
					<tr rel="inner-task">
						<td text-valign="top" rel="content" modify-text-nodes="sans">
							<table border-style="none" width="100%" margin_top="0" margin_bottom="0">
								<tr rel="inner-task-item">
									<td text-valign="top" text-align="center" width="30px" modify-text-nodes="sans">
										<sans_b rel="counter">1</sans_b>
									</td>
									<td text-valign="top" modify-text-nodes="sans">
										<sans>Jane smiled ..... him politely.</sans>
									</td>
								</tr>
								<tr rel="inner-task-item">
									<td text-valign="top" text-align="center" width="30px" modify-text-nodes="sans">
										<sans_b rel="counter">2</sans_b>
									</td>
									<td text-valign="top" modify-text-nodes="sans">
										<sans>She smiled ..... herself as she looked at the mirror.</sans>
									</td>
								</tr>
								<tr rel="inner-task-item">
									<td text-valign="top" text-align="center" width="30px" modify-text-nodes="sans">
										<sans_b rel="counter">3</sans_b>
									</td>
									<td text-valign="top" modify-text-nodes="sans">
										<sans>It didn’t take him long to adapt ..... his new life.</sans>
									</td>
								</tr>
								<tr rel="inner-task-item">
									<td text-valign="top" text-align="center" width="30px" modify-text-nodes="sans">
										<sans_b rel="counter">4</sans_b>
									</td>
									<td text-valign="top" modify-text-nodes="sans">
										<sans>Tom felt very sorry ..... himself and didn’t feel like talking to anyone.</sans>
									</td>
								</tr>
								<tr rel="inner-task-item">
									<td text-valign="top" text-align="center" width="30px" modify-text-nodes="sans">
										<sans_b rel="counter">5</sans_b>
									</td>
									<td text-valign="top" modify-text-nodes="sans">
										<sans>I’m sorry ..... what happened.</sans>
									</td>
								</tr>
								<tr rel="inner-task-item">
									<td text-valign="top" text-align="center" width="30px" modify-text-nodes="sans">
										<sans_b rel="counter">6</sans_b>
									</td>
									<td text-valign="top" modify-text-nodes="sans">
										<sans>The coach was packed ..... tourists.</sans>
									</td>
								</tr>
								<tr rel="inner-task-item">
									<td text-valign="top" text-align="center" width="30px" modify-text-nodes="sans">
										<sans_b rel="counter">7</sans_b>
									</td>
									<td text-valign="top" modify-text-nodes="sans">
										<sans>She wasn’t very enthusiastic ..... the trip.</sans>
									</td>
								</tr>
								<tr rel="inner-task-item">
									<td text-valign="top" text-align="center" width="30px" modify-text-nodes="sans">
										<sans_b rel="counter">8</sans_b>
									</td>
									<td text-valign="top" modify-text-nodes="sans">
										<sans>It took us a few days to get used to the increase ..... temperature.</sans>
									</td>
								</tr>
							</table>
						</td>
					</tr>
				</table>
			</td>
		</tr>
	</table>
	<table border-style="none">
		<tr>
			<td text-valign="top" text-align="center" width="60px">&#160;</td>
			<td text-valign="top" rel="unit-h3" modify-text-nodes="violet_sans_h3">
				<violet_sans_h3>• Relatives </violet_sans_h3>
				<sans>(GR p. 174)</sans>
			</td>
		</tr>
	</table>
	<table rel="task" border-style="none" numbered="">
		<tr>
			<td text-valign="top" text-align="center" width="60px">
				<blue_big rel="counter">9</blue_big>
			</td>
			<td text-valign="top" rel="content">
				<p modify-text-nodes="sans_b" margin_top="0">
					<image_block rel="icon" margin_right="4px" width="32px" height="32px"> <img url="Data/icons/pen.svg" /></image_block>
					<sans_b> Complete the sentences using the words in bold. Use two to five words.</sans_b>
				</p>
				<table border-style="none" width="100%">
					<tr rel="inner-task">
						<td text-valign="top" rel="content" modify-text-nodes="sans">
							<table border-style="none" width="100%" margin_top="0" margin_bottom="0">
								<tr rel="inner-task-item">
									<td text-valign="top" text-align="center" width="30px" modify-text-nodes="sans">
										<sans_b rel="counter">1</sans_b>
									</td>
									<td text-valign="top" modify-text-nodes="sans">
										<p margin_top="0">
											<sans>He has three sisters, two of them live in Paris.</sans>
										</p>
										<p margin_top="0">
											<sans_b>"whom"</sans_b>
											<sans>: He has three sisters, ..... in Paris.</sans>
										</p>
									</td>
								</tr>
								<tr rel="inner-task-item">
									<td text-valign="top" text-align="center" width="30px" modify-text-nodes="sans">
										<sans_b rel="counter">2</sans_b>
									</td>
									<td text-valign="top" modify-text-nodes="sans">
										<p margin_top="0">
											<sans>You met my brother Tom yesterday.</sans>
										</p>
										<p margin_top="0">
											<sans_b>"who"</sans_b>
											<sans>: The boy ..... was my brother Tom.</sans>
										</p>
									</td>
								</tr>
								<tr rel="inner-task-item">
									<td text-valign="top" text-align="center" width="30px" modify-text-nodes="sans">
										<sans_b rel="counter">3</sans_b>
									</td>
									<td text-valign="top" modify-text-nodes="sans">
										<p margin_top="0">
											<sans>It was Paul’s book that Jane took.</sans>
										</p>
										<p margin_top="0">
											<sans_b>"which"</sans_b>
											<sans>: The book ..... to Paul.</sans>
										</p>
									</td>
								</tr>
								<tr rel="inner-task-item">
									<td text-valign="top" text-align="center" width="30px" modify-text-nodes="sans">
										<sans_b rel="counter">4</sans_b>
									</td>
									<td text-valign="top" modify-text-nodes="sans">
										<p margin_top="0">
											<sans>Brigg’s Bakery is over the road; it has great cakes.</sans>
										</p>
										<p margin_top="0">
											<sans_b>"where"</sans_b>
											<sans>: Over the road is Briggs’ Bakery ..... great cakes.</sans>
										</p>
									</td>
								</tr>
								<tr rel="inner-task-item">
									<td text-valign="top" text-align="center" width="30px" modify-text-nodes="sans">
										<sans_b rel="counter">5</sans_b>
									</td>
									<td text-valign="top" modify-text-nodes="sans">
										<p margin_top="0">
											<sans>This is Pete; his sister works with me.</sans>
										</p>
										<p margin_top="0">
											<sans_b>"whose"</sans_b>
											<sans>: This is Pete ..... with me.</sans>
										</p>
									</td>
								</tr>
								<tr rel="inner-task-item">
									<td text-valign="top" text-align="center" width="30px" modify-text-nodes="sans">
										<sans_b rel="counter">6</sans_b>
									</td>
									<td text-valign="top" modify-text-nodes="sans">
										<p margin_top="0">
											<sans>He’s afraid of water so he never swims in the sea.</sans>
										</p>
										<p margin_top="0">
											<sans_b>"which"</sans_b>
											<sans>: He’s afraid of water ..... never swims in the sea.</sans>
										</p>
									</td>
								</tr>
							</table>
						</td>
					</tr>
				</table>
			</td>
		</tr>
	</table>
	<table border-style="none">
		<tr>
			<td text-valign="top" text-align="center" width="60px">&#160;</td>
			<td text-valign="top" rel="unit-h3" modify-text-nodes="violet_sans_h3">
				<violet_sans_h3>• Making deductions</violet_sans_h3>
			</td>
		</tr>
	</table>
	<table rel="task" border-style="none">
		<tr>
			<td text-valign="top" text-align="center" width="60px">
				<blue_big rel="counter">10</blue_big>
			</td>
			<td text-valign="top" rel="content">
				<p modify-text-nodes="sans_b" margin_top="0">
					<sans_b>Look at the pictures. Make sentences using </sans_b>
					<blue_sans_b>must, can’t</blue_sans_b>
					<sans_b> or </sans_b>
					<blue_sans_b>may</blue_sans_b>
					<sans_b>.</sans_b>
				</p>
				<p align="center" modify-text-nodes="sans_b">
					<image_block rel="image"> <img url="Data/images/107-1.png" /></image_block>
				</p>
				<p margin_top="0">
					<sans_i>e.g. A – It </sans_i>
					<sans_bi>must</sans_bi>
					<sans_i> be very cold. It </sans_i>
					<sans_bi>can’t</sans_bi>
					<sans_i> be summer.</sans_i>
				</p>
			</td>
		</tr>
	</table>
	<table rel="task" border-style="none">
		<tr>
			<td text-valign="top" text-align="center" width="60px">
				<blue_big rel="counter">11</blue_big>
			</td>
			<td text-valign="top" rel="content">
				<p modify-text-nodes="sans_b" margin_top="0">
					<image_block rel="icon" margin_right="4px" width="32px" height="32px"> <img url="Data/icons/pen.svg" /></image_block>
					<image_block rel="icon" margin_right="4px" height="32px" width="52px"> <img url="Data/icons/rne.svg" /></image_block>
					<sans_b>Read the text given below. Form derivatives from the words written in capital letters at the end of the lines and marked by numbers 1-6 to make them match the contents of the text grammatically and lexically. Complete the gaps with transformed words. Each gap corresponds with a separate task from group 1-6.</sans_b>
				</p>
				<p align="center" modify-text-nodes="sans_b">
					<image_block rel="image"> <img url="Data/images/107-2.png" /></image_block>
				</p>
				<table border-style="none" width="100%" rel="text-with-matches">
					<tr>
						<td modify-child-text-nodes="sans">
							<p margin_top="0">
								<sans>Boasting the latest in engineering technology, the new railway linking Tibet to Central China is the highest railway in the world. The line runs through an environment that is so </sans>
								<sans_b>1) .....</sans_b>
								<sans> that many of the workers fell critically ill during construction. Inside the carriages, however, an array of electronic sensors secure the </sans>
								<sans_b>2) .....</sans_b>
								<sans> of the passengers and monitor the air circulation and the levels of oxygen. The trains are also designed to cope with lightning strikes, since the </sans>
								<sans_b>3) .....</sans_b>
								<sans> of electrical storms is high on the mountain slopes.</sans>
							</p>
							<p margin_top="0">
								<sans>However, this new Himalayan railway </sans>
								<sans_b>4) .....</sans_b>
								<sans> is highly controversial. Although most people agree that it will bring greater </sans>
								<sans_b>5) .....</sans_b>
								<sans> to the region, many worry that Tibet’s unique culture will be lost. Moreover, </sans>
								<sans_b>6) .....</sans_b>
								<sans> are concerned about the effects on the Himalayan wildlife such as the Tibetan antelope, which is among the most endangered species in the world. The animals are extremely timid and easily disturbed by any human activity.</sans>
							</p>
						</td>
						<td text-valign="center" text-align="center">
							<table border-color="4FFFFF" border-size="2px">
								<tr>
									<td text-align="left">
										<media_container padding_left="10px" padding_right="10px" padding_top="5px">
											<p>
												<nobr>
													<sans_b>1) FRIENDLY</sans_b>
												</nobr>
											</p>
											<p>
												<nobr>
													<sans_b>2) SAFE</sans_b>
												</nobr>
											</p>
											<p>
												<nobr>
													<sans_b>3) PROBABLE</sans_b>
												</nobr>
											</p>
											<p>
												<nobr>
													<sans_b>4) DEVELOP</sans_b>
												</nobr>
											</p>
											<p>
												<nobr>
													<sans_b>5) PROSPER</sans_b>
												</nobr>
											</p>
											<p>
												<nobr>
													<sans_b>6) ECOLOGY</sans_b>
												</nobr>
											</p>
										</media_container>
									</td>
								</tr>
							</table>
						</td>
					</tr>
					<tr>
						<td width="100%" />
						<td/> </tr>
				</table>
				<p align="center" modify-text-nodes="sans_b">
					<image_block rel="image"> <img url="Data/images/107-3.png" /></image_block>
				</p>
			</td>
		</tr>
	</table>

</paragraph>