<paragraph version="1.0" id="paragraph_20" module="4" unit="1" first-page="104">

	<page number="104" />
	<table border-style="none">
		<tr>
			<td>
				<image_block class="inner_left"> <img url="Data/images/headers/unit/4-1.png" /> </image_block>
			</td>
		</tr>
	</table>
	<table border-style="none">
		<tr>
			<td text-valign="top" text-align="center" width="60px">&#160;</td>
			<td text-valign="top">
				<violet_sans_h2>Lead in</violet_sans_h2>
			</td>
		</tr>
	</table>
	<table rel="task" border-style="none">
		<tr>
			<td text-valign="top" text-align="center" width="60px">
				<blue_big rel="counter">1</blue_big>
			</td>
			<td text-valign="top" rel="content">
				<p modify-text-nodes="sans_b" margin_top="0">
					<sans_b>Work in pairs. Imagine it’s the first day of the school year. There’s a newcomer. You want to be friendly. Ask and answer questions to get to know each other.</sans_b>
				</p>
				<nobr rel="task-item" modify-text-nodes="sans">
					<sans>•&#160;What’s your ...?&#160;&#160;</sans>
				</nobr>
				<text/>
				<nobr rel="task-item" modify-text-nodes="sans">
					<sans>•&#160;Where are ...?&#160;&#160;</sans>
				</nobr>
				<text/>
				<nobr rel="task-item" modify-text-nodes="sans">
					<sans>•&#160;Do you like ...?&#160;&#160;</sans>
				</nobr>
				<text/>
				<nobr rel="task-item" modify-text-nodes="sans">
					<sans>•&#160;Where do ...?&#160;&#160;</sans>
				</nobr>
				<text/>
				<nobr rel="task-item" modify-text-nodes="sans">
					<sans>•&#160;Have you got any ...?&#160;&#160;</sans>
				</nobr>
				<text/>
				<nobr rel="task-item" modify-text-nodes="sans">
					<sans>•&#160;How old ...? &#160;&#160;</sans>
				</nobr>
				<text/>
				<nobr rel="task-item" modify-text-nodes="sans">
					<sans>•&#160;How do you ...?&#160;&#160;</sans>
				</nobr>
				<text/>
				<nobr rel="task-item" modify-text-nodes="sans">
					<sans>•&#160;Which class ...?&#160;&#160;</sans>
				</nobr>
				<text/>
			</td>
		</tr>
	</table>
	<table rel="task" border-style="none">
		<tr>
			<td text-valign="top" text-align="center" width="60px">
				<blue_big rel="counter">2</blue_big>
			</td>
			<td text-valign="top" rel="content">
				<p modify-text-nodes="sans_b" margin_top="0">
					<sans_b>Read the title of the text. The following words/phrases appear in the text. What can the text be about?</sans_b>
				</p>
				<nobr rel="task-item" modify-text-nodes="sans">
					<sans>•&#160;violent heat&#160;&#160;</sans>
				</nobr>
				<text/>
				<nobr rel="task-item" modify-text-nodes="sans">
					<sans>•&#160;continuous drizzle&#160;&#160;</sans>
				</nobr>
				<text/>
				<nobr rel="task-item" modify-text-nodes="sans">
					<sans>•&#160;promising introduction to life&#160;&#160;</sans>
				</nobr>
				<text/>
				<nobr rel="task-item" modify-text-nodes="sans">
					<sans>•&#160;unaware of the shock&#160;&#160;</sans>
				</nobr>
				<text/>
				<nobr rel="task-item" modify-text-nodes="sans">
					<sans>•&#160;looking forward to making new friends&#160;&#160;</sans>
				</nobr>
				<text/>
				<nobr rel="task-item" modify-text-nodes="sans">
					<sans>•&#160;first day of term&#160;&#160;</sans>
				</nobr>
				<text/>
				<nobr rel="task-item" modify-text-nodes="sans">
					<sans>•&#160;clusters of teenagers&#160;&#160;</sans>
				</nobr>
				<text/>
				<nobr rel="task-item" modify-text-nodes="sans">
					<sans>•&#160;laughed and chatted together&#160;&#160;</sans>
				</nobr>
				<text/>
				<nobr rel="task-item" modify-text-nodes="sans">
					<sans>•&#160;no one glanced in my direction&#160;&#160;</sans>
				</nobr>
				<text/>
				<nobr rel="task-item" modify-text-nodes="sans">
					<sans>•&#160;swallowed my pride&#160;&#160;</sans>
				</nobr>
				<text/>
				<nobr rel="task-item" modify-text-nodes="sans">
					<sans>•&#160;strolled over to a group of boys&#160;&#160;</sans>
				</nobr>
				<text/>
				<nobr rel="task-item" modify-text-nodes="sans">
					<sans>•&#160;a permanent sneer on his face&#160;&#160;</sans>
				</nobr>
				<text/>
				<nobr rel="task-item" modify-text-nodes="sans">
					<sans>•&#160;teenage indifference&#160;&#160;</sans>
				</nobr>
				<text/>
				<nobr rel="task-item" modify-text-nodes="sans">
					<sans>•&#160;been made to feel welcome&#160;&#160;</sans>
				</nobr>
				<text/>
				<nobr rel="task-item" modify-text-nodes="sans">
					<sans>•&#160;my heart sinking once again&#160;&#160;</sans>
				</nobr>
				<text/>
				<p modify-text-nodes="sans_b" margin_top="0">
					<image_block rel="icon" margin_right="4px" height="32px" width="42px"> <img url="Data/icons/headphones.svg" /></image_block>
					<sans_b>Listen, read and check</sans_b>
				</p>
			</td>
		</tr>
	</table>
	<table border-style="none">
		<tr>
			<td text-valign="top" text-align="center" width="60px">&#160;</td>
			<td text-valign="top">
				<violet_sans_h2>Reading</violet_sans_h2>
			</td>
		</tr>
	</table>
	<table rel="task" border-style="none">
		<tr>
			<td text-valign="top" text-align="center" width="60px">
				<blue_big rel="counter">3</blue_big>
			</td>
			<td text-valign="top" rel="content">
				<p modify-text-nodes="sans_b" margin_top="0">
					<image_block rel="icon" margin_right="4px" width="32px" height="32px"> <img url="Data/icons/pen.svg" /></image_block>
					<image_block rel="icon" margin_right="4px" height="32px" width="52px"> <img url="Data/icons/rne.svg" /></image_block>
					<sans_b>Read the text and complete tasks 1-7. In each task choose number 1, 2, 3 or 4.</sans_b>
				</p>
				<p align="center" modify-text-nodes="sans_b">
					<image_block rel="image"> <img url="Data/images/104-1.png" /></image_block>
				</p>
				<image_block rel="image" class="inner_left" width="40%"> <img url="Data/images/104-2.png" /></image_block>
				<p indent="2" margin_top="0">
					<sans>From the moment we returned from the violent heat of East Africa we were soaked by the continuous drizzle of a fine English summer. It was not a particularly promising introduction to life back in England after three years of being baked under the Kenyan sun. Nevertheless, the leaden skies of August could not make me any less enthusiastic about my fast approaching return to British education. I was about to enter a South London comprehensive.</sans>
				</p>
				<p indent="2" margin_top="0">
					<sans>At the time I was totally unaware of the shock that was awaiting me, one much worse than adapting to the </sans>
					<sans_b>dismal</sans_b>
					<sans> climate. I was just looking forward to making lots of new friends and getting stuck into school life. I was under the impression that the other pupils would be interested in my stories about Africa and would instantly warm to my sparkling personality. Unfortunately, however, I had really been looking at things through rose-tinted glasses and it wasn’t long before I experienced a much darker, unappealing side of things.</sans>
				</p>
				<p indent="2" margin_top="0">
					<sans>On the first day of term I </sans>
					<sans_b>bounded</sans_b>
					<sans> into the noisy assembly hall eager to size up my new classmates. As I scanned the room, which was packed with huddled clusters of teenagers, I got my first suspicions that becoming part of their cosy groupings might not be as easy as I had imagined. They all seemed to have an air of belonging as they laughed and chatted together. I tried to look relaxed and carefree but no one so much as glanced in my direction, let alone tried to introduce themselves. It turned out to be an uncomfortable morning in my new class, but as the hours </sans>
					<sans_b>dragged by</sans_b>
					<sans>, I tried to work out what would be a good plan of attack for getting in on the action.</sans>
				</p>
				<p indent="2" margin_top="0">
					<sans>It began to dawn on me that what was needed was a little effort on my part. So at break, I swallowed my pride and strolled over to a group of boys standing by the gates to say hello. The tallest was a dark-haired lad with a permanent </sans>
					<sans_b>sneer</sans_b>
					<sans> on his face. “Where did you get your shiny shoes, mate?” was all he said. I looked down at my new leather shoes and noticed that everyone else was wearing the latest trainers. Before I could think of something amusing to say, they had begun to wander back to class leaving me red-faced and </sans>
					<sans_b>dumbfounded</sans_b>
					<sans> by the gate.</sans>
				</p>
				<p indent="2" margin_top="0">
					<sans>At the end of my first day, I stormed out of the classroom as soon as the final bell rang, almost knocking over a girl who was passing along the corridor. I was fuming. I had arrived that morning full of hopes for a bright new future, only to have them dashed on the hard rocks of teenage indifference. The dark clouds above my head seemed to settle around me as I </sans>
					<sans_b>trudged</sans_b>
					<sans> back home, reminding me of how </sans>
					<sans_b>grim</sans_b>
					<sans> the day had been. I was so </sans>
					<sans_b>enraged</sans_b>
					<sans> that I almost didn’t hear someone calling my name and I turned round to see a boy from my class, Brian, running to catch up with me.</sans>
				</p>
				<p indent="2" margin_top="0">
					<sans>“You haven’t exactly been made to feel welcome today, have you?” he said, </sans>
					<sans_b>beaming</sans_b>
					<sans> at me. “You could say that,” I replied sarcastically. He laughed and suggested I give him my mobile number and he would text me later. “But I haven’t got a mobile!” I told him, my heart </sans>
					<sans_b>sinking</sans_b>
					<sans> once again. A look of </sans>
					<sans_b>utter</sans_b>
					<sans> amazement spread across his face and he suddenly went very quiet while I waited for him to reply. Finally, he took a deep breath. “Look, if I were you, I’d get a mobile. Everyone has one! And while you’re at it, sort yourself out with a decent pair of trainers.” Then he was gone.</sans>
				</p>
				<p indent="2" margin_top="0">
					<sans>I walked into the house and </sans>
					<sans_b>flung</sans_b>
					<sans> my blazer and bag down in the hall. My mum popped her head round the living room door and asked how my first day had gone. “Can you please tell me why I need a mobile phone and trainers if I want to make any friends?” I replied. I was so stony-faced that I think she knew better than to reply, so she just stood there looking confused as I </sans>
					<sans_b>stomped</sans_b>
					<sans> up the stairs and slammed my bedroom door shut.</sans>
				</p>
				<table border-style="none" bgcolor="DFEEEE" width="100%">
					<tr rel="inner-task">
						<td text-valign="top" text-align="center" width="30px" modify-text-nodes="sans">
							<sans_b rel="counter">1</sans_b>
						</td>
						<td text-valign="top" rel="content" modify-text-nodes="sans">
							<p modify-text-nodes="sans" margin_top="0">
								<sans>In paragraph 1 the writer says that</sans>
							</p>
							<table border-style="none" width="100%" margin_top="0" margin_bottom="0">
								<tr rel="inner-task-item">
									<td text-valign="top" text-align="center" width="30px" modify-text-nodes="sans">
										<sans_b rel="counter">1</sans_b>
									</td>
									<td text-valign="top" modify-text-nodes="sans">
										<sans>he was pleased to be back in a cooler climate.</sans>
									</td>
								</tr>
								<tr rel="inner-task-item">
									<td text-valign="top" text-align="center" width="30px" modify-text-nodes="sans">
										<sans_b rel="counter">2</sans_b>
									</td>
									<td text-valign="top" modify-text-nodes="sans">
										<sans>he was unsure of his feelings about being back in England.</sans>
									</td>
								</tr>
								<tr rel="inner-task-item">
									<td text-valign="top" text-align="center" width="30px" modify-text-nodes="sans">
										<sans_b rel="counter">3</sans_b>
									</td>
									<td text-valign="top" modify-text-nodes="sans">
										<sans>he was optimistic, despite the bad weather.</sans>
									</td>
								</tr>
								<tr rel="inner-task-item">
									<td text-valign="top" text-align="center" width="30px" modify-text-nodes="sans">
										<sans_b rel="counter">4</sans_b>
									</td>
									<td text-valign="top" modify-text-nodes="sans">
										<sans>he was nervous about starting school.</sans>
									</td>
								</tr>
							</table>

						</td>
					</tr>
					<tr rel="inner-task">
						<td text-valign="top" text-align="center" width="30px" modify-text-nodes="sans">
							<sans_b rel="counter">2</sans_b>
						</td>
						<td text-valign="top" rel="content" modify-text-nodes="sans">
							<p modify-text-nodes="sans" margin_top="0">
								<sans>The phrase ‘looking at things through rosetinted glasses’ (line 12) means</sans>
							</p>
							<table border-style="none" width="100%" margin_top="0" margin_bottom="0">
								<tr rel="inner-task-item">
									<td text-valign="top" text-align="center" width="30px" modify-text-nodes="sans">
										<sans_b rel="counter">1</sans_b>
									</td>
									<td text-valign="top" modify-text-nodes="sans">
										<sans>only seeing a situation from your own point of view.</sans>
									</td>
								</tr>
								<tr rel="inner-task-item">
									<td text-valign="top" text-align="center" width="30px" modify-text-nodes="sans">
										<sans_b rel="counter">2</sans_b>
									</td>
									<td text-valign="top" modify-text-nodes="sans">
										<sans>seeing things in a very simple way.</sans>
									</td>
								</tr>
								<tr rel="inner-task-item">
									<td text-valign="top" text-align="center" width="30px" modify-text-nodes="sans">
										<sans_b rel="counter">3</sans_b>
									</td>
									<td text-valign="top" modify-text-nodes="sans">
										<sans>only seeing the pleasant aspects of something.</sans>
									</td>
								</tr>
								<tr rel="inner-task-item">
									<td text-valign="top" text-align="center" width="30px" modify-text-nodes="sans">
										<sans_b rel="counter">4</sans_b>
									</td>
									<td text-valign="top" modify-text-nodes="sans">
										<sans>having too much confidence in yourself.</sans>
									</td>
								</tr>
							</table>

						</td>
					</tr>
					<tr rel="inner-task">
						<td text-valign="top" text-align="center" width="30px" modify-text-nodes="sans">
							<sans_b rel="counter">3</sans_b>
						</td>
						<td text-valign="top" rel="content" modify-text-nodes="sans">
							<p modify-text-nodes="sans" margin_top="0">
								<sans>When the writer first met his classmates, he</sans>
							</p>
							<table border-style="none" width="100%" margin_top="0" margin_bottom="0">
								<tr rel="inner-task-item">
									<td text-valign="top" text-align="center" width="30px" modify-text-nodes="sans">
										<sans_b rel="counter">1</sans_b>
									</td>
									<td text-valign="top" modify-text-nodes="sans">
										<sans>felt a little afraid of them.</sans>
									</td>
								</tr>
								<tr rel="inner-task-item">
									<td text-valign="top" text-align="center" width="30px" modify-text-nodes="sans">
										<sans_b rel="counter">2</sans_b>
									</td>
									<td text-valign="top" modify-text-nodes="sans">
										<sans>suspected he had little in common with them.</sans>
									</td>
								</tr>
								<tr rel="inner-task-item">
									<td text-valign="top" text-align="center" width="30px" modify-text-nodes="sans">
										<sans_b rel="counter">3</sans_b>
									</td>
									<td text-valign="top" modify-text-nodes="sans">
										<sans>realised it might take some time before they accepted him.</sans>
									</td>
								</tr>
								<tr rel="inner-task-item">
									<td text-valign="top" text-align="center" width="30px" modify-text-nodes="sans">
										<sans_b rel="counter">4</sans_b>
									</td>
									<td text-valign="top" modify-text-nodes="sans">
										<sans>found he lacked the confidence to introduce himself.</sans>
									</td>
								</tr>
							</table>

						</td>
					</tr>
					<tr rel="inner-task">
						<td text-valign="top" text-align="center" width="30px" modify-text-nodes="sans">
							<sans_b rel="counter">4</sans_b>
						</td>
						<td text-valign="top" rel="content" modify-text-nodes="sans">
							<p modify-text-nodes="sans" margin_top="0">
								<sans>When the writer approached the group of boys, how did they respond?</sans>
							</p>
							<table border-style="none" width="100%" margin_top="0" margin_bottom="0">
								<tr rel="inner-task-item">
									<td text-valign="top" text-align="center" width="30px" modify-text-nodes="sans">
										<sans_b rel="counter">1</sans_b>
									</td>
									<td text-valign="top" modify-text-nodes="sans">
										<sans>They made fun of him.</sans>
									</td>
								</tr>
								<tr rel="inner-task-item">
									<td text-valign="top" text-align="center" width="30px" modify-text-nodes="sans">
										<sans_b rel="counter">2</sans_b>
									</td>
									<td text-valign="top" modify-text-nodes="sans">
										<sans>They made a joke.</sans>
									</td>
								</tr>
								<tr rel="inner-task-item">
									<td text-valign="top" text-align="center" width="30px" modify-text-nodes="sans">
										<sans_b rel="counter">3</sans_b>
									</td>
									<td text-valign="top" modify-text-nodes="sans">
										<sans>They ignored him.</sans>
									</td>
								</tr>
								<tr rel="inner-task-item">
									<td text-valign="top" text-align="center" width="30px" modify-text-nodes="sans">
										<sans_b rel="counter">4</sans_b>
									</td>
									<td text-valign="top" modify-text-nodes="sans">
										<sans>They complemented him.</sans>
									</td>
								</tr>
							</table>

						</td>
					</tr>
					<tr rel="inner-task">
						<td text-valign="top" text-align="center" width="30px" modify-text-nodes="sans">
							<sans_b rel="counter">5</sans_b>
						</td>
						<td text-valign="top" rel="content" modify-text-nodes="sans">
							<p modify-text-nodes="sans" margin_top="0">
								<sans>The writer uses the phrase ‘I stormed out of the classroom’ (line 30) to show that he left a room</sans>
							</p>
							<table border-style="none" width="100%" margin_top="0" margin_bottom="0">
								<tr rel="inner-task-item">
									<td text-valign="top" text-align="center" width="30px" modify-text-nodes="sans">
										<sans_b rel="counter">1</sans_b>
									</td>
									<td text-valign="top" modify-text-nodes="sans">
										<sans>quickly and noisily because he was angry.</sans>
									</td>
								</tr>
								<tr rel="inner-task-item">
									<td text-valign="top" text-align="center" width="30px" modify-text-nodes="sans">
										<sans_b rel="counter">2</sans_b>
									</td>
									<td text-valign="top" modify-text-nodes="sans">
										<sans>as soon as he could.</sans>
									</td>
								</tr>
								<tr rel="inner-task-item">
									<td text-valign="top" text-align="center" width="30px" modify-text-nodes="sans">
										<sans_b rel="counter">3</sans_b>
									</td>
									<td text-valign="top" modify-text-nodes="sans">
										<sans>without anyone seeing him leave.</sans>
									</td>
								</tr>
								<tr rel="inner-task-item">
									<td text-valign="top" text-align="center" width="30px" modify-text-nodes="sans">
										<sans_b rel="counter">4</sans_b>
									</td>
									<td text-valign="top" modify-text-nodes="sans">
										<sans>without looking where he was going.</sans>
									</td>
								</tr>
							</table>

						</td>
					</tr>
					<tr rel="inner-task">
						<td text-valign="top" text-align="center" width="30px" modify-text-nodes="sans">
							<sans_b rel="counter">6</sans_b>
						</td>
						<td text-valign="top" rel="content" modify-text-nodes="sans">
							<p modify-text-nodes="sans" margin_top="0">
								<sans>On the way home, a boy from the writer’s class</sans>
							</p>
							<table border-style="none" width="100%" margin_top="0" margin_bottom="0">
								<tr rel="inner-task-item">
									<td text-valign="top" text-align="center" width="30px" modify-text-nodes="sans">
										<sans_b rel="counter">1</sans_b>
									</td>
									<td text-valign="top" modify-text-nodes="sans">
										<sans>offered him an apology.</sans>
									</td>
								</tr>
								<tr rel="inner-task-item">
									<td text-valign="top" text-align="center" width="30px" modify-text-nodes="sans">
										<sans_b rel="counter">2</sans_b>
									</td>
									<td text-valign="top" modify-text-nodes="sans">
										<sans>gave him some advice.</sans>
									</td>
								</tr>
								<tr rel="inner-task-item">
									<td text-valign="top" text-align="center" width="30px" modify-text-nodes="sans">
										<sans_b rel="counter">3</sans_b>
									</td>
									<td text-valign="top" modify-text-nodes="sans">
										<sans>lost his temper with him.</sans>
									</td>
								</tr>
								<tr rel="inner-task-item">
									<td text-valign="top" text-align="center" width="30px" modify-text-nodes="sans">
										<sans_b rel="counter">4</sans_b>
									</td>
									<td text-valign="top" modify-text-nodes="sans">
										<sans>criticised his attitude.</sans>
									</td>
								</tr>
							</table>

						</td>
					</tr>
				</table>

				<table border-style="none" bgcolor="DFEEEE" width="100%">
					<tr rel="inner-task">
						<td text-valign="top" text-align="center" width="30px" modify-text-nodes="sans">
							<sans_b rel="counter">7</sans_b>
						</td>
						<td text-valign="top" rel="content" modify-text-nodes="sans">
							<p modify-text-nodes="sans" margin_top="0">
								<sans>Which best sums up the writer’s response to his experience?</sans>
							</p>
							<table border-style="none" width="100%" margin_top="0" margin_bottom="0">
								<tr rel="inner-task-item">
									<td text-valign="top" text-align="center" width="30px" modify-text-nodes="sans">
										<sans_b rel="counter">1</sans_b>
									</td>
									<td text-valign="top" modify-text-nodes="sans">
										<sans>amazement</sans>
									</td>
								</tr>
								<tr rel="inner-task-item">
									<td text-valign="top" text-align="center" width="30px" modify-text-nodes="sans">
										<sans_b rel="counter">2</sans_b>
									</td>
									<td text-valign="top" modify-text-nodes="sans">
										<sans>confusion</sans>
									</td>
								</tr>
								<tr rel="inner-task-item">
									<td text-valign="top" text-align="center" width="30px" modify-text-nodes="sans">
										<sans_b rel="counter">3</sans_b>
									</td>
									<td text-valign="top" modify-text-nodes="sans">
										<sans>embarrassment</sans>
									</td>
								</tr>
								<tr rel="inner-task-item">
									<td text-valign="top" text-align="center" width="30px" modify-text-nodes="sans">
										<sans_b rel="counter">4</sans_b>
									</td>
									<td text-valign="top" modify-text-nodes="sans">
										<sans>disappointment</sans>
									</td>
								</tr>
							</table>

						</td>
					</tr>
				</table>
			</td>
		</tr>
	</table>
	<table rel="task" border-style="none" numbered="">
		<tr>
			<td text-valign="top" text-align="center" width="60px">
				<blue_big rel="counter">4</blue_big>
			</td>
			<td text-valign="top" rel="content">
				<p modify-text-nodes="sans_b" margin_top="0">
					<image_block rel="icon" margin_right="4px" width="32px" height="32px"> <img url="Data/icons/pen.svg" /></image_block>
					<sans_b>Complete with </sans_b>
					<blue_sans>leaden, air, bright, slam, sparkling, latest, rose-tinted, swallow, feel, deep.</blue_sans>
				</p>
				<p modify-text-nodes="sans_b" margin_top="0">
					<sans_b>Make sentences based on the text using the phrases.</sans_b>
				</p>
				<table border-style="none" width="100%">
					<tr rel="inner-task">
						<td text-valign="top" rel="content" modify-text-nodes="sans">
							<table border-style="none" width="100%" margin_top="0" margin_bottom="0">
								<tr rel="inner-task-item">
									<td text-valign="top" text-align="center" width="30px" modify-text-nodes="sans">
										<sans_b rel="counter">1</sans_b>
									</td>
									<td text-valign="top" modify-text-nodes="sans">
										<sans>..... skies</sans>
									</td>
								</tr>
								<tr rel="inner-task-item">
									<td text-valign="top" text-align="center" width="30px" modify-text-nodes="sans">
										<sans_b rel="counter">2</sans_b>
									</td>
									<td text-valign="top" modify-text-nodes="sans">
										<sans>..... personality</sans>
									</td>
								</tr>
								<tr rel="inner-task-item">
									<td text-valign="top" text-align="center" width="30px" modify-text-nodes="sans">
										<sans_b rel="counter">3</sans_b>
									</td>
									<td text-valign="top" modify-text-nodes="sans">
										<sans>..... glasses</sans>
									</td>
								</tr>
								<tr rel="inner-task-item">
									<td text-valign="top" text-align="center" width="30px" modify-text-nodes="sans">
										<sans_b rel="counter">4</sans_b>
									</td>
									<td text-valign="top" modify-text-nodes="sans">
										<sans>..... trainers</sans>
									</td>
								</tr>
								<tr rel="inner-task-item">
									<td text-valign="top" text-align="center" width="30px" modify-text-nodes="sans">
										<sans_b rel="counter">5</sans_b>
									</td>
									<td text-valign="top" modify-text-nodes="sans">
										<sans>a(n) ..... of belonging</sans>
									</td>
								</tr>
								<tr rel="inner-task-item">
									<td text-valign="top" text-align="center" width="30px" modify-text-nodes="sans">
										<sans_b rel="counter">6</sans_b>
									</td>
									<td text-valign="top" modify-text-nodes="sans">
										<sans>..... my pride</sans>
									</td>
								</tr>
								<tr rel="inner-task-item">
									<td text-valign="top" text-align="center" width="30px" modify-text-nodes="sans">
										<sans_b rel="counter">7</sans_b>
									</td>
									<td text-valign="top" modify-text-nodes="sans">
										<sans>..... new future</sans>
									</td>
								</tr>
								<tr rel="inner-task-item">
									<td text-valign="top" text-align="center" width="30px" modify-text-nodes="sans">
										<sans_b rel="counter">8</sans_b>
									</td>
									<td text-valign="top" modify-text-nodes="sans">
										<sans>be made to ..... welcome</sans>
									</td>
								</tr>
								<tr rel="inner-task-item">
									<td text-valign="top" text-align="center" width="30px" modify-text-nodes="sans">
										<sans_b rel="counter">9</sans_b>
									</td>
									<td text-valign="top" modify-text-nodes="sans">
										<sans>take a(n) ..... breath</sans>
									</td>
								</tr>
								<tr rel="inner-task-item">
									<td text-valign="top" text-align="center" width="30px" modify-text-nodes="sans">
										<sans_b rel="counter">10</sans_b>
									</td>
									<td text-valign="top" modify-text-nodes="sans">
										<sans> ..... the door shut</sans>
									</td>
								</tr>
							</table>

						</td>
					</tr>
				</table>
			</td>
		</tr>
	</table>
	<table rel="task" border-style="none">
		<tr>
			<td text-valign="top" text-align="center" width="60px">
				<blue_big rel="counter">5</blue_big>
			</td>
			<td text-valign="top" rel="content">
				<p modify-text-nodes="sans_b" margin_top="0">
					<sans_b>Explain the words in bold. Which of the following teenage problems is the text about? Give the text another heading.</sans_b>
				</p>
				<nobr rel="task-item" modify-text-nodes="sans">
					<sans>•&#160;anorexia&#160;&#160;</sans>
				</nobr>
				<text/>
				<nobr rel="task-item" modify-text-nodes="sans">
					<sans>•&#160;peer pressure&#160;&#160;</sans>
				</nobr>
				<text/>
				<nobr rel="task-item" modify-text-nodes="sans">
					<sans>•&#160;moving out&#160;&#160;</sans>
				</nobr>
				<text/>
				<nobr rel="task-item" modify-text-nodes="sans">
					<sans>•&#160;loss of a friend&#160;&#160;</sans>
				</nobr>
				<text/>
				<nobr rel="task-item" modify-text-nodes="sans">
					<sans>•&#160;bullying&#160;&#160;</sans>
				</nobr>
				<text/>
			</td>
		</tr>
	</table>
	<table border-style="none">
		<tr>
			<td text-valign="top" text-align="center" width="60px">&#160;</td>
			<td text-valign="top">
				<violet_sans_h2>Speaking & Writing</violet_sans_h2>
			</td>
		</tr>
	</table>
	<table rel="task" border-style="none">
		<tr>
			<td text-valign="top" text-align="center" width="60px">
				<blue_big rel="counter">6</blue_big>
			</td>
			<td text-valign="top" rel="content">
				<p modify-text-nodes="sans_b" margin_top="0">
					<sans_b>Read the text again. Imagine you are Brian. Use the information in the text to tell your family about the newcomer.</sans_b>
				</p>
			</td>
		</tr>
	</table>
	<table rel="task" border-style="none">
		<tr>
			<td text-valign="top" text-align="center" width="60px">
				<blue_big rel="counter">7</blue_big>
			</td>
			<td text-valign="top" rel="content">
				<p modify-text-nodes="sans_b" margin_top="0">
					<image_block rel="icon" margin_right="4px" height="32px" width="56px"> <img url="Data/icons/think.svg" /></image_block>
					<sans_b>Imagine you are the writer. In five minutes, write a diary entry describing your first day at school and your feelings. Read your entry to the class.</sans_b>
				</p>
			</td>
		</tr>
	</table>

</paragraph>