<paragraph version="1.0" id="paragraph_06" module="1" unit="6" first-page="16">

	<page number="16" />
	<table border-style="none">
		<tr>
			<td>
				<image_block class="inner_left"> <img url="Data/images/headers/unit/1-6.png" /> </image_block>
			</td>
		</tr>
	</table>
	<table border-style="none">
		<tr>
			<td text-valign="top" text-align="center" width="60px">&#160;</td>
			<td text-valign="top">
				<violet_sans_h2>Vocabulary & Grammar</violet_sans_h2>
			</td>
		</tr>
	</table>
	<table border-style="none">
		<tr>
			<td text-valign="top" text-align="center" width="60px">&#160;</td>
			<td text-valign="top" rel="unit-h3" modify-text-nodes="violet_sans_h3">
				<violet_sans_h3>• Character adjectives</violet_sans_h3>
			</td>
		</tr>
	</table>
	<table rel="task" border-style="none" numbered="">
		<tr>
			<td text-valign="top" text-align="center" width="60px">
				<blue_big rel="counter">1</blue_big>
			</td>
			<td text-valign="top" rel="content">
				<p modify-text-nodes="sans_b" margin_top="0">
					<sans_b>Choose the correct word. Check in the dictionary.</sans_b>
				</p>
				<table border-style="none" width="100%">
					<tr rel="inner-task">
						<td text-valign="top" rel="content" modify-text-nodes="sans">
							<table border-style="none" width="100%" margin_top="0" margin_bottom="0">
								<tr rel="inner-task-item">
									<td text-valign="top" text-align="center" width="30px" modify-text-nodes="sans">
										<sans_b rel="counter">1</sans_b>
									</td>
									<td text-valign="top" modify-text-nodes="sans">
										<sans>My younger sister is very </sans>
										<sans_b>sensitive/impatient</sans_b>
										<sans> and she gets very upset if you say the wrong thing to her.</sans>
									</td>
								</tr>
								<tr rel="inner-task-item">
									<td text-valign="top" text-align="center" width="30px" modify-text-nodes="sans">
										<sans_b rel="counter">2</sans_b>
									</td>
									<td text-valign="top" modify-text-nodes="sans">
										<sans>When Michael is in one of his </sans>
										<sans_b>stubborn/aggressive</sans_b>
										<sans> moods he refuses to admit that he might be wrong about things.</sans>
									</td>
								</tr>
								<tr rel="inner-task-item">
									<td text-valign="top" text-align="center" width="30px" modify-text-nodes="sans">
										<sans_b rel="counter">3</sans_b>
									</td>
									<td text-valign="top" modify-text-nodes="sans">
										<sans>She is a very </sans>
										<sans_b>unhelpful/lazy</sans_b>
										<sans> person who expects other people to do everything for her.</sans>
									</td>
								</tr>
								<tr rel="inner-task-item">
									<td text-valign="top" text-align="center" width="30px" modify-text-nodes="sans">
										<sans_b rel="counter">4</sans_b>
									</td>
									<td text-valign="top" modify-text-nodes="sans">
										<sans>It is best to leave Peter alone when he has a headache because he can be very </sans>
										<sans_b>bad-tempered/jealous</sans_b>
										<sans>.</sans>
									</td>
								</tr>
								<tr rel="inner-task-item">
									<td text-valign="top" text-align="center" width="30px" modify-text-nodes="sans">
										<sans_b rel="counter">5</sans_b>
									</td>
									<td text-valign="top" modify-text-nodes="sans">
										<sans>She is so </sans>
										<sans_b>outgoing/broad-minded</sans_b>
										<sans> that she is never shocked by other people’s behaviour.</sans>
									</td>
								</tr>
								<tr rel="inner-task-item">
									<td text-valign="top" text-align="center" width="30px" modify-text-nodes="sans">
										<sans_b rel="counter">6</sans_b>
									</td>
									<td text-valign="top" modify-text-nodes="sans">
										<sans>Fortunately, my employer is quite </sans>
										<sans_b>easy-going/inconsiderate</sans_b>
										<sans> so I can take time off if I need to.</sans>
									</td>
								</tr>
								<tr rel="inner-task-item">
									<td text-valign="top" text-align="center" width="30px" modify-text-nodes="sans">
										<sans_b rel="counter">7</sans_b>
									</td>
									<td text-valign="top" modify-text-nodes="sans">
										<sans>I remember John was very </sans>
										<sans_b>bossy/arrogant</sans_b>
										<sans> when he was young; he was always telling the other kids what to do!</sans>
									</td>
								</tr>
								<tr rel="inner-task-item">
									<td text-valign="top" text-align="center" width="30px" modify-text-nodes="sans">
										<sans_b rel="counter">8</sans_b>
									</td>
									<td text-valign="top" modify-text-nodes="sans">
										<sans>Janet is very </sans>
										<sans_b>reliable/loyal</sans_b>
										<sans> so you can be sure she will do what she promised.</sans>
									</td>
								</tr>
							</table>
						</td>
					</tr>
				</table>
			</td>
		</tr>
	</table>
	<table rel="task" border-style="none" numbered="">
		<tr>
			<td text-valign="top" text-align="center" width="60px">
				<blue_big rel="counter">2</blue_big>
			</td>
			<td text-valign="top" rel="content">
				<p modify-text-nodes="sans_b" margin_top="0">
					<sans_b>a) </sans_b>
					<image_block rel="icon" margin_right="4px" width="32px" height="32px"> <img url="Data/icons/pen.svg" /></image_block>
					<sans_b> Match the adjectives to their opposites. Can you add three more pairs to the list?</sans_b>
				</p>
				<table border-style="none" width="100%" margin_top="0" margin_bottom="0">
					<tr>
						<td>
							<table border-style="none" width="100%">
								<tr rel="inner-task">
									<td text-valign="top" rel="content" modify-text-nodes="sans">
										<table border-style="none" width="100%" margin_top="0" margin_bottom="0">
											<tr rel="inner-task-item">
												<td text-valign="top" text-align="center" width="30px" modify-text-nodes="sans">
													<sans_b rel="counter">1</sans_b>
												</td>
												<td text-valign="top" modify-text-nodes="sans">
													<sans>intelligent</sans>
												</td>
											</tr>
											<tr rel="inner-task-item">
												<td text-valign="top" text-align="center" width="30px" modify-text-nodes="sans">
													<sans_b rel="counter">2</sans_b>
												</td>
												<td text-valign="top" modify-text-nodes="sans">
													<sans>polite</sans>
												</td>
											</tr>
											<tr rel="inner-task-item">
												<td text-valign="top" text-align="center" width="30px" modify-text-nodes="sans">
													<sans_b rel="counter">3</sans_b>
												</td>
												<td text-valign="top" modify-text-nodes="sans">
													<sans>hard-working</sans>
												</td>
											</tr>
											<tr rel="inner-task-item">
												<td text-valign="top" text-align="center" width="30px" modify-text-nodes="sans">
													<sans_b rel="counter">4</sans_b>
												</td>
												<td text-valign="top" modify-text-nodes="sans">
													<sans>generous</sans>
												</td>
											</tr>
											<tr rel="inner-task-item">
												<td text-valign="top" text-align="center" width="30px" modify-text-nodes="sans">
													<sans_b rel="counter">5</sans_b>
												</td>
												<td text-valign="top" modify-text-nodes="sans">
													<sans>optimistic</sans>
												</td>
											</tr>
											<tr rel="inner-task-item">
												<td text-valign="top" text-align="center" width="30px" modify-text-nodes="sans">
													<sans_b rel="counter">6</sans_b>
												</td>
												<td text-valign="top" modify-text-nodes="sans">
													<sans>sociable</sans>
												</td>
											</tr>
											<tr rel="inner-task-item">
												<td text-valign="top" text-align="center" width="30px" modify-text-nodes="sans">
													<sans_b rel="counter">7</sans_b>
												</td>
												<td text-valign="top" modify-text-nodes="sans">
													<sans>popular</sans>
												</td>
											</tr>
											<tr rel="inner-task-item">
												<td text-valign="top" text-align="center" width="30px" modify-text-nodes="sans">
													<sans_b rel="counter">8</sans_b>
												</td>
												<td text-valign="top" modify-text-nodes="sans">
													<sans>calm</sans>
												</td>
											</tr>
										</table>
									</td>
								</tr>
							</table>
						</td>
						<td>
							<table border-style="none" rel="list" list-style-symbols="A B C D E F G H" class="to-sans">
								<tr rel="list-item">
									<td text-valign="top" text-align="center" width="60px" modify-text-nodes="sans_b">
										<sans_b>A</sans_b>
									</td>
									<td text-valign="top" rel="content" modify-text-nodes="sans">
										<sans>aggressive</sans>
									</td>
								</tr>
								<tr rel="list-item">
									<td text-valign="top" text-align="center" width="60px" modify-text-nodes="sans_b">
										<sans_b>B</sans_b>
									</td>
									<td text-valign="top" rel="content" modify-text-nodes="sans">
										<sans>pessimistic</sans>
									</td>
								</tr>
								<tr rel="list-item">
									<td text-valign="top" text-align="center" width="60px" modify-text-nodes="sans_b">
										<sans_b>C</sans_b>
									</td>
									<td text-valign="top" rel="content" modify-text-nodes="sans">
										<sans>mean</sans>
									</td>
								</tr>
								<tr rel="list-item">
									<td text-valign="top" text-align="center" width="60px" modify-text-nodes="sans_b">
										<sans_b>D</sans_b>
									</td>
									<td text-valign="top" rel="content" modify-text-nodes="sans">
										<sans>stupid</sans>
									</td>
								</tr>
								<tr rel="list-item">
									<td text-valign="top" text-align="center" width="60px" modify-text-nodes="sans_b">
										<sans_b>E</sans_b>
									</td>
									<td text-valign="top" rel="content" modify-text-nodes="sans">
										<sans>unsociable</sans>
									</td>
								</tr>
								<tr rel="list-item">
									<td text-valign="top" text-align="center" width="60px" modify-text-nodes="sans_b">
										<sans_b>F</sans_b>
									</td>
									<td text-valign="top" rel="content" modify-text-nodes="sans">
										<sans>lazy</sans>
									</td>
								</tr>
								<tr rel="list-item">
									<td text-valign="top" text-align="center" width="60px" modify-text-nodes="sans_b">
										<sans_b>G</sans_b>
									</td>
									<td text-valign="top" rel="content" modify-text-nodes="sans">
										<sans>rude</sans>
									</td>
								</tr>
								<tr rel="list-item">
									<td text-valign="top" text-align="center" width="60px" modify-text-nodes="sans_b">
										<sans_b>H</sans_b>
									</td>
									<td text-valign="top" rel="content" modify-text-nodes="sans">
										<sans>unpopular</sans>
									</td>
								</tr>
							</table>
						</td>
					</tr>
				</table>
				<p modify-text-nodes="sans_b" margin_top="0">
					<sans_b>b) Read the school report below. Change the adjectives in bold to make the report positive. Begin like this: </sans_b>
					<sans_bi>‘Dennis is doing very well this term.’</sans_bi>
				</p>
				<image_block rel="image" class="inner_left"> <img url="Data/images/16-1.png" /></image_block>
				<p modify-text-nodes="sans" margin_top="0">
					<sans>Dennis is not doing very well this term. He is </sans>
					<sans_b>1) rude</sans_b>
					<sans> to his teachers and he is very </sans>
					<sans_b>2) unsociable</sans_b>
					<sans> with the other children. In fact, he is very </sans>
					<sans_b>3) aggressive</sans_b>
					<sans> in his behaviour towards everybody. He is very </sans>
					<sans_b>4) lazy</sans_b>
					<sans> in class and this makes him very </sans>
					<sans_b>5) unpopular</sans_b>
					<sans>.</sans>
				</p>
			</td>
		</tr>
	</table>
	<table rel="task" border-style="none">
		<tr>
			<td text-valign="top" text-align="center" width="60px">
				<blue_big rel="counter">3</blue_big>
			</td>
			<td text-valign="top" rel="content">
				<p modify-text-nodes="sans_b" margin_top="0">
					<sans_b>a) </sans_b>
					<image_block rel="icon" margin_right="4px" height="32px" width="56px"> <img url="Data/icons/think.svg" /></image_block>
					<sans_b> Work in pairs. Choose three adjectives from Ex. 2 which best describe your partner. Give reasons. Does your partner agree with your description?</sans_b>
				</p>
				<p modify-text-nodes="sans_b" margin_top="0">
					<sans_i>e.g. I think you are extremely hard-working.</sans_i>
				</p>
			</td>
		</tr>
	</table>
	<table border-style="none">
		<tr>
			<td text-valign="top" text-align="center" width="60px">&#160;</td>
			<td text-valign="top" rel="unit-h3" modify-text-nodes="violet_sans_h3">
				<violet_sans_h3>• Idioms</violet_sans_h3>
			</td>
		</tr>
	</table>
	<table rel="task" border-style="none" numbered="">
		<tr>
			<td text-valign="top" text-align="center" width="60px">
				<blue_big rel="counter">4</blue_big>
			</td>
			<td text-valign="top" rel="content">
				<p modify-text-nodes="sans_b" margin_top="0">
					<sans_b>Explain the idioms in bold. Which are positive/negative? Are there similar idioms in your language?</sans_b>
				</p>
				<table border-style="none" width="100%">
					<tr rel="inner-task">
						<td text-valign="top" rel="content" modify-text-nodes="sans">
							<table border-style="none" width="100%" margin_top="0" margin_bottom="0">
								<tr rel="inner-task-item">
									<td text-valign="top" text-align="center" width="30px" modify-text-nodes="sans">
										<sans_b rel="counter">9</sans_b>
									</td>
									<td text-valign="top" modify-text-nodes="sans">
										<sans>She seems to </sans>
										<sans_b>be on cloud nine</sans_b>
										<sans> after getting her degree.</sans>
									</td>
								</tr>
								<tr rel="inner-task-item">
									<td text-valign="top" text-align="center" width="30px" modify-text-nodes="sans">
										<sans_b rel="counter">10</sans_b>
									</td>
									<td text-valign="top" modify-text-nodes="sans">
										<sans>The party was great. Everyone seemed to </sans>
										<sans_b>be in high spirits</sans_b>
										<sans>.</sans>
									</td>
								</tr>
								<tr rel="inner-task-item">
									<td text-valign="top" text-align="center" width="30px" modify-text-nodes="sans">
										<sans_b rel="counter">11</sans_b>
									</td>
									<td text-valign="top" modify-text-nodes="sans">
										<sans>Despite all her problems, she’s trying to </sans>
										<sans_b>keep her chin up</sans_b>
										<sans>.</sans>
									</td>
								</tr>
								<tr rel="inner-task-item">
									<td text-valign="top" text-align="center" width="30px" modify-text-nodes="sans">
										<sans_b rel="counter">12</sans_b>
									</td>
									<td text-valign="top" modify-text-nodes="sans">
										<sans>He almost </sans>
										<sans_b>jumped out of his skin</sans_b>
										<sans> when I tapped him on the shoulder. </sans>
									</td>
								</tr>
							</table>
						</td>
					</tr>
				</table>
				<p modify-text-nodes="sans_b" margin_top="0">
					<sans_b>What would you say if ...</sans_b>
				</p>
				<table border-style="none" width="100%">
					<tr rel="inner-task">
						<td text-valign="top" rel="content" modify-text-nodes="sans">
							<table border-style="none" width="100%" margin_top="0" margin_bottom="0">
								<tr rel="inner-task-item">
									<td text-valign="top" text-align="center" width="30px" modify-text-nodes="sans">
										<sans_b rel="counter">13</sans_b>
									</td>
									<td text-valign="top" modify-text-nodes="sans">
										<sans>you were told you’d won first prize in a short story competition?</sans>
									</td>
								</tr>
								<tr rel="inner-task-item">
									<td text-valign="top" text-align="center" width="30px" modify-text-nodes="sans">
										<sans_b rel="counter">14</sans_b>
									</td>
									<td text-valign="top" modify-text-nodes="sans">
										<sans>you and your friends were having a great time at the school party?</sans>
									</td>
								</tr>
								<tr rel="inner-task-item">
									<td text-valign="top" text-align="center" width="30px" modify-text-nodes="sans">
										<sans_b rel="counter">15</sans_b>
									</td>
									<td text-valign="top" modify-text-nodes="sans">
										<sans>you hear a loud bang behind you?</sans>
									</td>
								</tr>
							</table>
						</td>
					</tr>
				</table>
			</td>
		</tr>
	</table>
	<table border-style="none">
		<tr>
			<td text-valign="top" text-align="center" width="60px">&#160;</td>
			<td text-valign="top" rel="unit-h3" modify-text-nodes="violet_sans_h3">
				<violet_sans_h3>• Prepositions</violet_sans_h3>
			</td>
		</tr>
	</table>
	<table rel="task" border-style="none" numbered="">
		<tr>
			<td text-valign="top" text-align="center" width="60px">
				<blue_big rel="counter">5</blue_big>
			</td>
			<td text-valign="top" rel="content">
				<p modify-text-nodes="sans_b" margin_top="0">
					<sans_b>Choose the correct preposition. Check in Appendix II. Which of these sentences do you agree with? Correct the sentences which aren’t true for you.</sans_b>
				</p>
				<table border-style="none" width="100%">
					<tr rel="inner-task">
						<td text-valign="top" rel="content" modify-text-nodes="sans">
							<table border-style="none" width="100%" margin_top="0" margin_bottom="0">
								<tr rel="inner-task-item">
									<td text-valign="top" text-align="center" width="30px" modify-text-nodes="sans">
										<sans_b rel="counter">16</sans_b>
									</td>
									<td text-valign="top" modify-text-nodes="sans">
										<sans>I’m fed up </sans>
										<sans_b>with/in</sans_b>
										<sans> rude people.</sans>
									</td>
								</tr>
								<tr rel="inner-task-item">
									<td text-valign="top" text-align="center" width="30px" modify-text-nodes="sans">
										<sans_b rel="counter">17</sans_b>
									</td>
									<td text-valign="top" modify-text-nodes="sans">
										<sans>You can’t blame others </sans>
										<sans_b>at/for</sans_b>
										<sans> being indifferent to your problems.</sans>
									</td>
								</tr>
								<tr rel="inner-task-item">
									<td text-valign="top" text-align="center" width="30px" modify-text-nodes="sans">
										<sans_b rel="counter">18</sans_b>
									</td>
									<td text-valign="top" modify-text-nodes="sans">
										<sans>Don’t put the blame </sans>
										<sans_b>in/on</sans_b>
										<sans> others when it’s your fault.</sans>
									</td>
								</tr>
								<tr rel="inner-task-item">
									<td text-valign="top" text-align="center" width="30px" modify-text-nodes="sans">
										<sans_b rel="counter">19</sans_b>
									</td>
									<td text-valign="top" modify-text-nodes="sans">
										<sans>In order to be happy you need to learn to deal </sans>
										<sans_b>with/of</sans_b>
										<sans> disturbing events.</sans>
									</td>
								</tr>
								<tr rel="inner-task-item">
									<td text-valign="top" text-align="center" width="30px" modify-text-nodes="sans">
										<sans_b rel="counter">20</sans_b>
									</td>
									<td text-valign="top" modify-text-nodes="sans">
										<sans>Patience is the key </sans>
										<sans_b>for/to</sans_b>
										<sans> success.</sans>
									</td>
								</tr>
								<tr rel="inner-task-item">
									<td text-valign="top" text-align="center" width="30px" modify-text-nodes="sans">
										<sans_b rel="counter">21</sans_b>
									</td>
									<td text-valign="top" modify-text-nodes="sans">
										<sans>Self-doubt can result </sans>
										<sans_b>in/to</sans_b>
										<sans> a lack of confidence.</sans>
									</td>
								</tr>
							</table>
						</td>
					</tr>
				</table>
			</td>
		</tr>
	</table>
	<table border-style="none">
		<tr>
			<td text-valign="top" text-align="center" width="60px">&#160;</td>
			<td text-valign="top" rel="unit-h3" modify-text-nodes="violet_sans_h3">
				<violet_sans_h3>• Phrasal verbs</violet_sans_h3>
			</td>
		</tr>
	</table>
	<table rel="task" border-style="none" numbered="">
		<tr>
			<td text-valign="top" text-align="center" width="60px">
				<blue_big rel="counter">6</blue_big>
			</td>
			<td text-valign="top" rel="content">
				<p modify-text-nodes="sans_b" margin_top="0">
					<sans_b>Choose the correct particle. Check in Appendix 1. Make sentences using the other particle.</sans_b>
				</p>
				<table border-style="none" width="100%">
					<tr rel="inner-task">
						<td text-valign="top" rel="content" modify-text-nodes="sans">
							<table border-style="none" width="100%" margin_top="0" margin_bottom="0">
								<tr rel="inner-task-item">
									<td text-valign="top" text-align="center" width="30px" modify-text-nodes="sans">
										<sans_b rel="counter">22</sans_b>
									</td>
									<td text-valign="top" modify-text-nodes="sans">
										<sans>Don’t run </sans>
										<sans_b>down/off</sans_b>
										<sans> others if you don’t know them.</sans>
									</td>
								</tr>
								<tr rel="inner-task-item">
									<td text-valign="top" text-align="center" width="30px" modify-text-nodes="sans">
										<sans_b rel="counter">23</sans_b>
									</td>
									<td text-valign="top" modify-text-nodes="sans">
										<sans>He lied to us but we saw </sans>
										<sans_b>off/through</sans_b>
										<sans> him at once.</sans>
									</td>
								</tr>
								<tr rel="inner-task-item">
									<td text-valign="top" text-align="center" width="30px" modify-text-nodes="sans">
										<sans_b rel="counter">24</sans_b>
									</td>
									<td text-valign="top" modify-text-nodes="sans">
										<sans>Always stand up </sans>
										<sans_b>for/in</sans_b>
										<sans> for your rights.</sans>
									</td>
								</tr>
								<tr rel="inner-task-item">
									<td text-valign="top" text-align="center" width="30px" modify-text-nodes="sans">
										<sans_b rel="counter">25</sans_b>
									</td>
									<td text-valign="top" modify-text-nodes="sans">
										<sans>He was extremely put </sans>
										<sans_b>up/off</sans_b>
										<sans> by her rudeness.</sans>
									</td>
								</tr>
								<tr rel="inner-task-item">
									<td text-valign="top" text-align="center" width="30px" modify-text-nodes="sans">
										<sans_b rel="counter">26</sans_b>
									</td>
									<td text-valign="top" modify-text-nodes="sans">
										<sans>She’s so naive. She’s always taken </sans>
										<sans_b>in/up</sans_b>
										<sans> by his lies.</sans>
									</td>
								</tr>
								<tr rel="inner-task-item">
									<td text-valign="top" text-align="center" width="30px" modify-text-nodes="sans">
										<sans_b rel="counter">27</sans_b>
									</td>
									<td text-valign="top" modify-text-nodes="sans">
										<sans>He’s so patient; he’s cut </sans>
										<sans_b>up/out</sans_b>
										<sans> to be a teacher.</sans>
									</td>
								</tr>
							</table>
						</td>
					</tr>
				</table>
			</td>
		</tr>
	</table>

	<page number="17" />
	<table border-style="none">
		<tr>
			<td text-valign="top" text-align="center" width="60px">&#160;</td>
			<td text-valign="top" rel="unit-h3" modify-text-nodes="violet_sans_h3">
				<violet_sans_h3>• Clauses of reason/purpose/result </violet_sans_h3>
				<sans>(GR pp. 164-165)</sans>
			</td>
		</tr>
	</table>
	<table rel="task" border-style="none" numbered="">
		<tr>
			<td text-valign="top" text-align="center" width="60px">
				<blue_big rel="counter">7</blue_big>
			</td>
			<td text-valign="top" rel="content">
				<p modify-text-nodes="sans_b" margin_top="0">
					<sans_b>Join the sentences. Use the words in brackets.</sans_b>
				</p>
				<table border-style="none" width="100%">
					<tr rel="inner-task">
						<td text-valign="top" rel="content" modify-text-nodes="sans">
							<table border-style="none" width="100%" margin_top="0" margin_bottom="0">
								<tr rel="inner-task-item">
									<td text-valign="top" text-align="center" width="30px" modify-text-nodes="sans">
										<sans_b rel="counter">28</sans_b>
									</td>
									<td text-valign="top" modify-text-nodes="sans">
										<sans>He was very noisy. He was asked to leave the class. </sans>
										<sans_b>(so)</sans_b>
										<blue_sans_i> He was </blue_sans_i>
										<blue_sans_bi>so</blue_sans_bi>
										<blue_sans_i> noisy that he was asked to leave the class.</blue_sans_i>
									</td>
								</tr>
								<tr rel="inner-task-item">
									<td text-valign="top" text-align="center" width="30px" modify-text-nodes="sans">
										<sans_b rel="counter">29</sans_b>
									</td>
									<td text-valign="top" modify-text-nodes="sans">
										<sans>They invited a lot of people. There was nowhere to sit. </sans>
										<sans_b>(such)</sans_b>
									</td>
								</tr>
								<tr rel="inner-task-item">
									<td text-valign="top" text-align="center" width="30px" modify-text-nodes="sans">
										<sans_b rel="counter">30</sans_b>
									</td>
									<td text-valign="top" modify-text-nodes="sans">
										<sans>She has been practising every day. She wants to do well in the contest. </sans>
										<sans_b>(so that)</sans_b>
									</td>
								</tr>
								<tr rel="inner-task-item">
									<td text-valign="top" text-align="center" width="30px" modify-text-nodes="sans">
										<sans_b rel="counter">31</sans_b>
									</td>
									<td text-valign="top" modify-text-nodes="sans">
										<sans>You should drive slowly. The road might be slippery. </sans>
										<sans_b>(in case)</sans_b>
									</td>
								</tr>
								<tr rel="inner-task-item">
									<td text-valign="top" text-align="center" width="30px" modify-text-nodes="sans">
										<sans_b rel="counter">32</sans_b>
									</td>
									<td text-valign="top" modify-text-nodes="sans">
										<sans>He was late for work. He asked his friend for a lift. </sans>
										<sans_b>(since)</sans_b>
									</td>
								</tr>
								<tr rel="inner-task-item">
									<td text-valign="top" text-align="center" width="30px" modify-text-nodes="sans">
										<sans_b rel="counter">33</sans_b>
									</td>
									<td text-valign="top" modify-text-nodes="sans">
										<sans>He didn’t comment on her new hairstyle. He was afraid of upsetting her. </sans>
										<sans_b>(so as not to)</sans_b>
									</td>
								</tr>
								<tr rel="inner-task-item">
									<td text-valign="top" text-align="center" width="30px" modify-text-nodes="sans">
										<sans_b rel="counter">34</sans_b>
									</td>
									<td text-valign="top" modify-text-nodes="sans">
										<sans>There has been a heavy snowfall. They have closed the road. </sans>
										<sans_b>(due to)</sans_b>
									</td>
								</tr>
								<tr rel="inner-task-item">
									<td text-valign="top" text-align="center" width="30px" modify-text-nodes="sans">
										<sans_b rel="counter">35</sans_b>
									</td>
									<td text-valign="top" modify-text-nodes="sans">
										<sans>He declined the invitation. He said he was working that weekend. </sans>
										<sans_b>(on the grounds that)</sans_b>
									</td>
								</tr>
							</table>
						</td>
					</tr>
				</table>
			</td>
		</tr>
	</table>
	<table border-style="none">
		<tr>
			<td text-valign="top" text-align="center" width="60px">&#160;</td>
			<td text-valign="top">
				<violet_sans_h2>Everyday English</violet_sans_h2>
			</td>
		</tr>
	</table>
	<table border-style="none">
		<tr>
			<td text-valign="top" text-align="center" width="60px">&#160;</td>
			<td text-valign="top" rel="unit-h3" modify-text-nodes="violet_sans_h3">
				<violet_sans_h3>• Asking about/Expressing feelings</violet_sans_h3>
			</td>
		</tr>
	</table>
	<table rel="task" border-style="none">
		<tr>
			<td text-valign="top" text-align="center" width="60px">
				<blue_big rel="counter">8</blue_big>
			</td>
			<td text-valign="top" rel="content">
				<p modify-text-nodes="sans_b" margin_top="0">
					<sans_b>a) Read the dialogue. How does speaker B feel? Why?</sans_b>
				</p>
				<p margin_top="0">
					<sans>A: Is everything OK? You look upset.</sans>
				</p>
				<p margin_top="0">
					<sans>B: Well, it’s been a really long day, and I’ve just found out that I failed my exam.</sans>
				</p>
				<p margin_top="0">
					<sans>A: Oh no!</sans>
				</p>
				<p modify-text-nodes="sans_b" margin_top="0">
					<sans_b>b) In pairs, use the language in the box to act out dialogues for the following situations. You can continue your dialogue if you like.</sans_b>
				</p>
				<table border-style="none" rel="list" list-style-symbols="•" class="to-sans">
					<tr rel="list-item">
						<td text-valign="top" text-align="center" width="60px" modify-text-nodes="sans_b">
							<sans_b>•</sans_b>
						</td>
						<td text-valign="top" rel="content" modify-text-nodes="sans">
							<sans>your friend has lost her handbag</sans>
						</td>
					</tr>
					<tr rel="list-item">
						<td text-valign="top" text-align="center" width="60px" modify-text-nodes="sans_b">
							<sans_b>•</sans_b>
						</td>
						<td text-valign="top" rel="content" modify-text-nodes="sans">
							<sans>your friend’s computer broke down</sans>
						</td>
					</tr>
					<tr rel="list-item">
						<td text-valign="top" text-align="center" width="60px" modify-text-nodes="sans_b">
							<sans_b>•</sans_b>
						</td>
						<td text-valign="top" rel="content" modify-text-nodes="sans">
							<sans>your friend had a tooth taken out</sans>
						</td>
					</tr>
					<tr rel="list-item">
						<td text-valign="top" text-align="center" width="60px" modify-text-nodes="sans_b">
							<sans_b>•</sans_b>
						</td>
						<td text-valign="top" rel="content" modify-text-nodes="sans">
							<sans>your friend wanted to attend a rock concert but there were no tickets left</sans>
						</td>
					</tr>
				</table>
				<table width="100%" border-size="3px" border-color="0087BF" rel="everyday-english-table">
					<tr>
						<td width="50%" text-align="center" text-valign="center" bgcolor="A2D0E9">
							<sans_b>Asking about feelings</sans_b>
						</td>
						<td width="50%" text-align="center" text-valign="center" bgcolor="A2D0E9">
							<sans_b>Expressing feelings</sans_b>
						</td>
					</tr>
					<tr>
						<td text-valign="top">
							<media_container padding_left="10px">
								<p modify-text-nodes="sans" margin_top="0">
									<sans>• How are you?</sans>
								</p>
								<p modify-text-nodes="sans" margin_top="0">
									<sans>• Are you alright/angry/upset/pleased?</sans>
								</p>
								<p modify-text-nodes="sans" margin_top="0">
									<sans>• Is everything OK?</sans>
								</p>
								<p modify-text-nodes="sans" margin_top="0">
									<sans>• What’s wrong with you?</sans>
								</p>
							</media_container>
						</td>
						<td text-valign="top">
							<media_container padding_left="10px">
								<p modify-text-nodes="sans" margin_top="0">
									<sans>• Well, it’s been a ... day and ...</sans>
								</p>
								<p modify-text-nodes="sans" margin_top="0">
									<sans>• The thing is I ... ,</sans>
								</p>
								<p modify-text-nodes="sans" margin_top="0">
									<sans>• I’ve been in a bad mood all ...</sans>
								</p>
								<p modify-text-nodes="sans" margin_top="0">
									<sans>• Actually, ...</sans>
								</p>
								<p modify-text-nodes="sans" margin_top="0">
									<sans>• To be honest, I ... .</sans>
								</p>
							</media_container>
						</td>
					</tr>
				</table>
			</td>
		</tr>
	</table>

</paragraph>