<Style>
	<Tag>text</Tag>
	<TextType>Normal</TextType>
	<Bold>OFF</Bold>
	<Size>18</Size>
	<Language>russ</Language>
	<Color Red="64" Green="64" Blue="64" />
	<FontName>Times New Roman</FontName>
</Style>
<Style>
	<Tag>i</Tag>
	<Size>18</Size>
	<Italic>ON</Italic>
	<TextType>Normal</TextType>
	<Language>russ</Language>
	<FontName>Times New Roman</FontName>
</Style>
<Style>
	<Tag>b</Tag>
	<Size>18</Size>
	<Bold>ON</Bold>
	<TextType>Normal</TextType>
	<Language>russ</Language>
	<FontName>Times New Roman</FontName>
</Style>
<Style>
	<Tag>text</Tag>
	<TextType>Normal</TextType>
	<Bold>ON</Bold>
	<Size>18</Size>
	<Language>russ</Language>
	<Color Red="64" Green="64" Blue="64" />
	<FontName>Times New Roman</FontName>
</Style>
<Style>
	<Tag>bi</Tag>
	<Size>18</Size>
	<Bold>ON</Bold>
	<Italic>ON</Italic>
	<TextType>Normal</TextType>
	<Language>russ</Language>
	<FontName>Times New Roman</FontName>
</Style>
<Style>
	<Tag>u</Tag>
	<Size>18</Size>
	<Bold>OFF</Bold>
	<Underline>ON</Underline>
	<TextType>Normal</TextType>
	<Language>russ</Language>
	<FontName>Times New Roman</FontName>
</Style>
<Style>
	<Tag>sub</Tag>
	<Level>Sub</Level>
	<Size>12</Size>
	<Language>russ</Language>
	<TextType>Normal</TextType>
	<FontName>Times New Roman</FontName>
</Style>
<Style>
	<Tag>sup</Tag>
	<Level>Sup</Level>
	<Size>12</Size>
	<Language>russ</Language>
	<TextType>Normal</TextType>
	<FontName>Times New Roman</FontName>
</Style>

<Style>
	<Tag>sans</Tag>
	<TextType>Normal</TextType>
	<Bold>OFF</Bold>
	<Size>18</Size>
	<Language>russ</Language>
	<Color Red="64" Green="64" Blue="64" />
	<FontName>Helvetica Neue</FontName>
</Style>
<Style>
	<Tag>sans_u</Tag>
	<TextType>Normal</TextType>
	<Underline>ON</Underline>
	<Bold>OFF</Bold>
	<Size>18</Size>
	<Language>russ</Language>
	<Color Red="64" Green="64" Blue="64" />
	<FontName>Helvetica Neue</FontName>
</Style>
<Style>
	<Tag>sans_b</Tag>
	<TextType>Normal</TextType>
	<Bold>ON</Bold>
	<Size>18</Size>
	<Language>russ</Language>
	<Color Red="64" Green="64" Blue="64" />
	<FontName>Helvetica Neue</FontName>
</Style>
<Style>
	<Tag>sans_i</Tag>
	<TextType>Normal</TextType>
	<Italic>ON</Italic>
	<Size>18</Size>
	<Language>russ</Language>
	<Color Red="64" Green="64" Blue="64" />
	<FontName>Helvetica Neue</FontName>
</Style>
<Style>
	<Tag>sans_bi</Tag>
	<TextType>Normal</TextType>
	<Italic>ON</Italic>
	<Bold>ON</Bold>
	<Size>18</Size>
	<Language>russ</Language>
	<Color Red="64" Green="64" Blue="64" />
	<FontName>Helvetica Neue</FontName>
</Style>

<Style>
	<Tag>violet_sans_h2</Tag>
	<TextType>Normal</TextType>
	<Bold>OFF</Bold>
	<Size>24</Size>
	<Language>russ</Language>
	<Color Red="50" Green="50" Blue="135" />
	<FontName>Helvetica Neue</FontName>
</Style>
<Style>
	<Tag>violet_sans_h3</Tag>
	<TextType>Normal</TextType>
	<Bold>OFF</Bold>
	<Size>20</Size>
	<Language>russ</Language>
	<Color Red="50" Green="50" Blue="135" />
	<FontName>Helvetica Neue</FontName>
</Style>
<Style>
	<Tag>blue_sans</Tag>
	<TextType>Normal</TextType>
	<Bold>OFF</Bold>
	<Size>18</Size>
	<Language>russ</Language>
	<Color Red="0" Green="185" Blue="241" />
	<FontName>Helvetica Neue</FontName>
</Style>
<Style>
	<Tag>blue_sans_b</Tag>
	<TextType>Normal</TextType>
	<Bold>ON</Bold>
	<Size>18</Size>
	<Language>russ</Language>
	<Color Red="0" Green="185" Blue="241" />
	<FontName>Helvetica Neue</FontName>
</Style>
<Style>
	<Tag>blue_sans_i</Tag>
	<TextType>Normal</TextType>
	<Italic>ON</Italic>
	<Size>18</Size>
	<Language>russ</Language>
	<Color Red="0" Green="185" Blue="241" />
	<FontName>Helvetica Neue</FontName>
</Style>
<Style>
	<Tag>blue_sans_bi</Tag>
	<TextType>Normal</TextType>
	<Italic>ON</Italic>
	<Bold>ON</Bold>
	<Size>18</Size>
	<Language>russ</Language>
	<Color Red="0" Green="185" Blue="241" />
	<FontName>Helvetica Neue</FontName>
</Style>

<Style>
	<Tag>green_sans</Tag>
	<TextType>Normal</TextType>
	<Bold>OFF</Bold>
	<Size>18</Size>
	<Language>russ</Language>
	<Color Red="142" Green="198" Blue="84" />
	<FontName>Helvetica Neue</FontName>
</Style>
<Style>
	<Tag>green_sans_b</Tag>
	<TextType>Normal</TextType>
	<Bold>ON</Bold>
	<Size>18</Size>
	<Language>russ</Language>
	<Color Red="142" Green="198" Blue="84" />
	<FontName>Helvetica Neue</FontName>
</Style>

<Style>
	<Tag>blue_big</Tag>
	<TextType>Normal</TextType>
	<Bold>OFF</Bold>
	<Size>30</Size>
	<Language>russ</Language>
	<Color Red="0" Green="185" Blue="241" />
	<FontName>Helvetica Neue</FontName>
</Style>