<paragraph version="1.0" id="paragraph_05" module="1" unit="5" first-page="14">

	<page/>
	<unit-intro/>
	<unit-h2>Lead-in</unit-h2>
	<task>
		<p>Look at the pictures and the title. Do you know any of the people in the pictures? How do you think they relate to the title?</p>
	</task>
	<task>
		<p>Are words the only way to communicate? Can you think of any other ways in which we communicate ideas or feelings? Discuss with a partner.</p>
	</task>
	<unit-h2>Listening</unit-h2>
	<task numbered>
		<p><icon class="pen"/><icon class="headphones"/>Listen to three people talking about a performance they recently attended. Match the speakers to the performance.</p>
		<tbl>
			<td modify-child-text-nodes="sans">
				<p>Speaker 1</p>
				<p>Speaker 2</p>
				<p>Speaker 3</p>
			</td>
			<td>
				<inner-task>
					<inner-task-item>mime</inner-task-item>
					<inner-task-item>ballet</inner-task-item>
					<inner-task-item>concert</inner-task-item>
				</inner-task>
			</td>
		</tbl>
	</task>
	<unit-h2>Reading</unit-h2>
	<task numbered>
		<p><icon class="pen"/><icon class="rne"/>Match texts A-G with headings 1-8. Each number can only be used once. There is one extra heading.</p>
		<p align="center"> <content-image/> </p>
		<!-- adaptive images next -->
		<p align="center"> <content-image/> </p>
		<p align="center"> <content-image/> </p>
		<p align="center"> <content-image/> </p>
		<p><sans_b>A</sans_b>) In the world of mime, Slava Polunin is a living legend. He is one of the most famous mime artists on the world stage and his stage persona, Asisyai, with his yellow boiler suit and fluffy red slippers, is instantly recognisable. <sans_i>Slava’s Snowshow</sans_i>, which is still performed worldwide, is a modern masterpiece, captivating audiences with its mixture of <sans_b>hilarious</sans_b> comedy and powerful emotion. This hugely imaginative performance ends as an indoor blizzard sweeps across the auditorium sprinkling an amazed audience with snowflakes.</p>
		<p><sans_b>B</sans_b>) The ballet <i>The Rite of Spring</i> by composer Igor Stravinsky and choreographer Vaslav Nijinsky, which was first performed in 1913, <b>revolutionised</b> both ballet and orchestral music. This modern approach to ballet broke with artistic tradition and almost brought the house down on the first night – literally. The boos of the audience soon developed into a riot that only calmed down after the police arrived during the intermission. Classical music doesn’t often cause such <b>controversy</b>, but <i>The Rite of Spring</i> is now universally acknowledged as a true work of art.</p>
		<p><sans_b>C</sans_b>) After coming second in the 2006 Eurovision Song Contest with his song <sans_i>Never Let You Go</sans_i>, Dima Bilan was <sans_b>guaranteed</sans_b> a successful career. What few people expected though, was that he would try again in 2008 and, this time, take first place with <sans_i>Believe</sans_i>. Now with an international career that has him touring worldwide and recording with some of pop music’s most famous names, Dima is the face of Russian pop that brought the Eurovision Song Contest to Moscow in 2009.</p>
		<p><sans_b>D</sans_b>) Maya Plisetskaya was acclaimed as one of the superstars of twentieth century ballet. Having trained from an early age, she first performed with the Bolshoi Ballet at the age of 18 and stayed with them until 1990. Famed for her red hair, <b>graceful</b> movements and electric performances, she impressed the world when she took to the stage in such ballets as <i>Swan Lake</i> and <i>Sleeping Beauty</i>. She received many honours both at home and abroad. Maya Plisetskaya died in 2015 but she remains the ultimate role-model for all the dancers who have followed in her footsteps.</p>
		<p><sans_b>E</sans_b>) Oleg Popov, the Sunshine Clown, trained at the circus school in Moscow and soon became one of the most popular clowns in Russia. Over the course of his career he received many awards. In 1969, he was honoured as the People’s Artist and in 1981 he received the <b>prestigious</b> Golden Clown of Monte Carlo award. Even in his eighties, Oleg performed both at home and internationally. He used to say that his goal to: ‘create joy, not laughter for its own sake.’ He died in 2016 being on tour in Rostov-on-Don.</p>
		<p><sans_b>F</sans_b>) Chelyabinsk Contemporary Dance Theatre has built a reputation on innovative performances that combine dance with elements of theatre. Olga Pona, the group’s choreographer, only became interested in modern dance when she was at university. Her late start hasn’t stopped her from becoming a major name in this <sans_b>genre</sans_b> though. She believes that there are many types of contemporary dance and that allows her to make her own rules for the work she performs. She combines folk dance, modern movement, sound and silence to forge unforgettable performances.</p>
		<p><sans_b>G</sans_b>) Mstislav ‘Slava’ Rostropovich was a cellist and composer who inspired entire generations of musicians. Coming from a family of musicians, he soon demonstrated his natural talent with the cello. His remarkable skill was only matched by his genuine <sans_b>compassion</sans_b> for others. The Rostropovich- Vishnevskaya Foundation was set up to improve the health of children and to this day it has helped over nine million through immunisation programmes. Rostropovich died in 2007, but his legacy lives on.</p>
		<inner-task>
			<inner-task-item>Setting the standard</inner-task-item>
			<inner-task-item>Still going strong</inner-task-item>
			<inner-task-item>The shock of the new</inner-task-item>
			<inner-task-item>A replay of past glories</inner-task-item>
			<inner-task-item>Blending a range of feelings</inner-task-item>
			<inner-task-item>Great works and good will</inner-task-item>
			<inner-task-item>Once more for glory</inner-task-item>
			<inner-task-item>Uniting many styles</inner-task-item>
		</inner-task>
		<gaps>A,B,C,D,E,F,G</gaps>
	</task>
	<task numbered>
		<p><icon class="pen"/>Complete with: <blue_sans_b>work, international, living, build, receive, remarkable, follow, innovative, modern, powerful</blue_sans_b>. Use the phrases in sentences of your own.</p>
		<inner-task>
			<inner-task-item>..... legend</inner-task-item>
			<inner-task-item>..... awards</inner-task-item>
			<inner-task-item>..... masterpiece</inner-task-item>
			<inner-task-item>..... skill</inner-task-item>
			<inner-task-item>..... career</inner-task-item>
			<inner-task-item>..... in her footsteps</inner-task-item>
			<inner-task-item>..... performances</inner-task-item>
			<inner-task-item>..... a reputation</inner-task-item>
			<inner-task-item>..... emotion</inner-task-item>
			<inner-task-item>..... of art</inner-task-item>
		</inner-task>
	</task>
	<task>
		<p>Match the words in bold in the extracts to their definitions.</p>
		<task-item>completely changed the way something is done</task-item>
		<task-item>type of music, film, painting, etc</task-item>
		<task-item>respected and admired</task-item>
		<task-item>extremely funny</task-item>
		<task-item>dispute involving strong disagreement</task-item>
		<task-item>ensured</task-item>
		<task-item>feeling of sympathy for others</task-item>
		<task-item>with smooth, elegant movements</task-item>
	</task>

	<page />
	<unit-h2>Listening & Speaking</unit-h2>
	<task>
		<p><icon class="headphones"/>Listen as you read the extracts again. Imagine that you went to one of the performances. Tell your partner about the performance and why he/she should go and see it. Then translate extracts 3 and 5 into Russian.</p>
	</task>
	<unit-h2>Writing</unit-h2>
	<task>
		<p><icon class="think"/>What would it be like to perform in front of an audience? How would you prepare? How would you feel on stage after the performance? Spend three minutes writing about it. Read your piece of writing to your partner.</p>
	</task>
	
</paragraph>