<paragraph version="1.0" id="paragraph_04" module="1" unit="4" first-page="12">

	<page/>
	<unit-intro/>
	<unit-h2>Vocabulary</unit-h2>
	<task numbered>
		<p>Choose the correct word.</p>
		<p align="center"> <content-image /> </p>
		<inner-task>
			<inner-task-item>The Beatles were a famous British <sans_b>orchestra/band</sans_b>.</inner-task-item>
			<inner-task-item>Coldplay’s new song has gone straight into the <sans_b>top/box</sans_b> ten.</inner-task-item>
			<inner-task-item>We haven’t seen this group on <sans_b>scene/stage</sans_b>.</inner-task-item>
			<inner-task-item>The <sans_b>spectators/audience</sans_b> sang along with the band.</inner-task-item>
			<inner-task-item>I always wanted to hear them perform <sans_b>live/living</sans_b>.</inner-task-item>
			<inner-task-item>Social surroundings seem to <sans_b>affect/effect</sans_b> the music and lyrics of different artists.</inner-task-item>
			<inner-task-item>He was tapping his foot to the <sans_b>rhythm/rhyme</sans_b> of the music.</inner-task-item>
			<inner-task-item>He plays music entirely from <sans_b>mind/memory</sans_b>.</inner-task-item>
			<inner-task-item>Live music can be <sans_b>transmitted/broadcast</sans_b> over the radio, TV or the Internet.</inner-task-item>
			<inner-task-item>Some amateur musicians have <sans_b>private/personal</sans_b> music lessons with a teacher.</inner-task-item>
		</inner-task>
	</task>
	<task numbered>
		<p><icon class="pen"/> Complete the sentences with the verbs in the correct form.</p>
		<task-item>keep</task-item>
		<task-item>call</task-item>
		<task-item>cut</task-item>
		<task-item>hear</task-item>
		<task-item>put</task-item>
		<task-item>lose</task-item>
		<task-item>bump</task-item>
		<task-item>get</task-item>
		<task-item>hold</task-item>
		<inner-task>
			<inner-task-item>Although we all promised <sans_b>a) .....</sans_b> in touch when we left school, we soon went our separate ways and <sans_b>b) .....</sans_b> contact with one another.</inner-task-item>
			<inner-task-item>I find it very annoying when you ask to speak to somebody on the telephone and you are told <sans_b>a) .....</sans_b> the line for what seems like hours! If the operator can’t <sans_b>b) .....</sans_b> you through to the person you want to speak to straight away, why don’t they simply ask you <sans_b>c) .....</sans_b> back when the person is available?</inner-task-item>
			<inner-task-item>It was an amazing coincidence really; I was just thinking I hadn’t <sans_b>a) .....</sans_b> from my friend Susan for a long time when I <sans_b>b) .....</sans_b> into her in the high street!</inner-task-item>
			<inner-task-item>I telephoned Customer Services for help but we were <sans_b>a) .....</sans_b> off as I was explaining the problem and after that I couldn’t <sans_b>b) .....</sans_b> through to them again for the rest of the day.</inner-task-item>
		</inner-task>
	</task>
	<task numbered>
		<p><icon class="pen"/>Choose the correct word. Then translate the sentences into Russian.</p>
		<inner-task>
			<inner-task-item>
				<p><sans>Hand . . . . . and facial expressions register with children before they learn to speak.</sans></p>
				<variants>indications,gestures,signals,signs</variants>
			</inner-task-item>
			<inner-task-item>
				<p><sans>When the radio . . . . . popularity in the 20th century, it revolutionised the way people saw the world.</sans></p>
				<variants>gained,earned,got,found</variants>
			</inner-task-item>
			<inner-task-item>
				<p><sans>When talking pictures emerged in the 20th century, lots of cinema pianists found themselves out of . . . . . .</sans></p>
				<variants>work,job,favour,duty</variants>
			</inner-task-item>
			<inner-task-item>
				<p><sans>The festival gave us a . . . . . of Asian music.</sans></p>
				<variants>test,style,sample,taste</variants>
			</inner-task-item>
			<inner-task-item>
				<p><sans>At the end of the show, all the musicians . . . . . on stage for a last song.</sans></p>
				<variants>gathered,flocked,collected,grouped</variants>
			</inner-task-item>
			<inner-task-item>
				<p><sans>Jennifer Aniston . . . . . to fame playing Rachel Green in the popular TV series Friends.</sans></p>
				<variants>moved,came,arrived,reached</variants>
			</inner-task-item>
			<inner-task-item>
				<p><sans>The dolphin show . . . . . the main attraction of the water park.</sans></p>
				<variants>remains,stands,keeps,holds</variants>
			</inner-task-item>
			<inner-task-item>
				<p><sans>Opinions are . . . . . on whether a single world language would be a good idea.</sans></p>
				<variants>split,separated,torn,divided</variants>
			</inner-task-item>
		</inner-task>
	</task>
	<unit-h3>Ways to talk</unit-h3>
	<task numbered>
		<p>Decide on the correct word. Make sentences of your own using the other word.</p>
		<inner-task>
			<inner-task-item>He usually <sans_b>mutters/mumbles</sans_b> his words, so I find it difficult to understand what he is saying.</inner-task-item>
			<inner-task-item>There was a <sans_b>whisper/murmur</sans_b> of approval when the Prime Minister announced his plans.</inner-task-item>
			<inner-task-item>There’s no need to <sans_b>shout/scream</sans_b>, I can hear you perfectly well.</inner-task-item>
			<inner-task-item>She gave a little <sans_b>yell/cry</sans_b> of surprise when I opened the door.</inner-task-item>
			<inner-task-item>He <sans_b>sighed/breathed</sans_b> with relief when he heard the plane had landed.</inner-task-item>
		</inner-task>
	</task>
	<unit-h3>Words often confused</unit-h3>
	<task numbered>
		<p>Choose the correct word. Compare with a partner.</p>
		<inner-task>
			<inner-task-item>I promise to drop you a <sans_b>line/letter</sans_b> as soon as I have any news for you.</inner-task-item>
			<inner-task-item>Peter promised to <sans_b>give/send</sans_b> me a call today, but I haven’t heard from him yet.</inner-task-item>
			<inner-task-item>Please don’t hang <sans_b>up/off</sans_b>; I’ll see if Mr Jones can speak to you now.</inner-task-item>
			<inner-task-item>We will <sans_b>send/post</sans_b> you a fax to confirm your order.</inner-task-item>
		</inner-task>
	</task>

	<page />
	<task numbered>
		<p><icon class="pen"/>Match the places of entertainment to the activities. Make sentences to describe entertainments available in Moscow.</p>
		<tbl>
			<td>
				<inner-task>
					<inner-task-item>nightclub</inner-task-item>
					<inner-task-item>leisure centre</inner-task-item>
					<inner-task-item>amusement arcade</inner-task-item>
					<inner-task-item>cinema</inner-task-item>
					<inner-task-item>funfair</inner-task-item>
					<inner-task-item>circus</inner-task-item>
					<inner-task-item>rock concert</inner-task-item>
					<inner-task-item>youth club</inner-task-item>
				</inner-task>
			</td>
			<td>
				<list list-style-symbols="a b c d e f g h" class="to-sans">
					<list-item>meet other people for social activities</list-item>
					<list-item>see a film</list-item>
					<list-item>play video games</list-item>
					<list-item>go on a roller-coaster ride</list-item>
					<list-item>see trapeze artists</list-item>
					<list-item>dance</list-item>
					<list-item>listen to your favourite band</list-item>
					<list-item>play a game of squash</list-item>
				</list>
			</td>
		</tbl>
		<p><sans_i>e.g. The best rock concerts in Moscow are held at the Olimpiyskiy.</sans_i></p>
	</task>
	<unit-h2>Everyday English</unit-h2>
	<unit-h3>Expressing preferences</unit-h3>
	<task numbered>
		<p>You and your friend are trying to decide what to do this Saturday evening. Use the table below to discuss your preferences. You can use ideas from Ex. 6 and the Events page on www.mos.ru to find out what is on.</p>
		<everyday-english-table>
			<tr>
				<td>Asking about preferences</td>
				<td>Expressing preferences</td>
			</tr>
			<tr>
				<td>
					<p>Do you want + to -infinitive …?</p>
					<p>Do you fancy + -ing form …?</p>
					<p>Would you like + to -infinitive …?</p>
					<p>Where would you rather + bare infinitive</p>
				</td>
				<td>
					<p>I’d prefer + to -infinitive/noun</p>
					<p>I’d much rather + bare infinitive (+ than + bare infinitive)</p>
					<p>I’d rather not … I’m not so keen on ...</p>
					<p>Not really. I’d rather …</p>
				</td>
			</tr>
		</everyday-english-table>
		<tbl>
			<td>
				<inner-task>
					<inner-task-item>nightclub</inner-task-item>
					<inner-task-item>leisure centre</inner-task-item>
					<inner-task-item>amusement arcade</inner-task-item>
					<inner-task-item>cinema</inner-task-item>
					<inner-task-item>funfair</inner-task-item>
					<inner-task-item>circus</inner-task-item>
					<inner-task-item>rock concert</inner-task-item>
					<inner-task-item>youth club</inner-task-item>
				</inner-task>
			</td>
			<td>
				<list list-style-symbols="a b c d e f g h" class="to-sans">
					<list-item>meet other people for social activities</list-item>
					<list-item>see a film</list-item>
					<list-item>play video games</list-item>
					<list-item>go on a roller-coaster ride</list-item>
					<list-item>see trapeze artists</list-item>
					<list-item>dance</list-item>
					<list-item>listen to your favourite band</list-item>
					<list-item>play a game of squash</list-item>
				</list>
			</td>
		</tbl>
		<tbl>
			<td text-valign="top"><sans_i>e.g.</sans_i></td>
			<td modify-child-text-nodes="sans_i">
				<p margin_top="0">A: Would you like to go to a nightclub this Saturday?</p>
				<p margin_top="0">B: I’d prefer to go to the cinema. There’s a good comedy on.</p>
				<p margin_top="0">A: Well, I’d rather not. I’m not in the mood. Would you like to …?</p>
			</td>
		</tbl>
	</task>
	<task>
		<p><icon class="think"/>Read the joke. Why do you think Sally cried?</p>
		<p align="center"><content-image/> </p>
	</task>
	<study-skills>
		<p>Text completion (word formation)</p>
		<p>Read the title to get a general idea of what the text is about. Read the text once to get the gist. Read again, thinking about what kind of word is missing from each gap. Look at the word in capitals and choose the appropriate derivative of the word to fill the gap. Read the completed text to check it makes sense.</p>
	</study-skills>
	<unit-h3>Word formation</unit-h3>
	<task>
		<p><icon class="pen"/><icon class="rne"/>Read the text given below. Form derivatives from the words written in capital letters at the end of the lines and marked by numbers 1-6 to make them match the contents of the text grammatically and lexically. Complete the gaps with transformed words. Each gap corresponds with a separate task from group 1-6.</p>
		<p align="center"><content-image/> </p>
		<text-with-matches>
			<td>
				<p>Many languages are spoken throughout the world, yet according to the myth of the Tower of Babel, there was a time in the past when all people spoke a <sans_b>1) .....</sans_b> language. Although this doesn’t seem a very <sans_b>2) .....</sans_b> story if you consider how many languages are spoken in the world today, what is true is that all through history people have always searched for the ideal language of <sans_b>3) .....</sans_b> between different <sans_b>4) .....</sans_b> .</p>
				<p>Historically, languages have risen and fallen in popularity. Both Latin and Greek were once the world’s most <sans_b>5) .....</sans_b> languages. At the moment, English is the nearest we have to a common language but the <sans_b>6) .....</sans_b> is that this will change in the future. Some claim that Chinese will become a global language one day.</p>
			</td>
			<td text-valign="top">
				<content-image/>
				<p>UNIVERSE</p>
				<p>BELIEVE</p>
				<p>COMMUNICATE</p>
				<p>NATIONAL</p>
				<p>INFLUENCE</p>
				<p>LIKE</p>
			</td>
		</text-with-matches>
	</task>

</paragraph>