<paragraph version="1.0" id="paragraph_22" module="4" unit="3" first-page="108">

	<page/>
	<unit-intro/>
	<unit-h2>Lead-in</unit-h2>
	<task>
		<p><icon class="headphones"/>Listen to four people talking about travel. Who (John, Lynda, Steve, Marta) travels for:</p>
		<task-item>fun?</task-item>
		<task-item>their goals?</task-item>
		<task-item>relaxation?</task-item>
		<task-item>experiences?</task-item>
	</task>
	<task>
		<p>Listen to four people talking about travel. Who (John, Lynda, Steve, Marta) travels for:</p>
		<ul>
			<li>fun?</li>
			<li>their goals?</li>
			<li>relaxation?</li>
			<li>experiences?</li>
		</ul>
	</task>
	<task>
		<p>Read the title and the introduction to the article. Why does Frans Lanting travel? Think of three questions about Frans. Read the article and see if you can answer them.</p>
	</task>
	<unit-h2>Reading</unit-h2>
	<task>
		<p><icon class="pen"/><icon class="rne"/>Read the text and complete the gaps A-F with the parts of the sentences marked by numbers 1-7. One part is extra.</p>
		<p align="center" text-align="center"><sans_i>Frans Lanting travels to the ends of the Earth – and everyone who sees his pictures wants to follow him. James Owen talks to the world’s greatest travel and wildlife photographer.</sans_i></p>
		<temp modify-child-text-nodes="sans">
			<content-image class="inner"/>
			<p margin_top="0">It can be tough at the top, especially if you are Frans Lanting, the world’s leading travel and wildlife photographer. Naturally, you want to get pictures of something rarely seen <sans_b>A) ..........</sans_b> . So what do you have to do?</p>
			<p margin_top="0">Well, you haul a canoe, supplies, camera gear and a steel scaffold weighing more than a ton up the Andes. Then you paddle miles up river before erecting a tower that gets you to the tree canopy <sans_b>B) ..........</sans_b> . For the next month you spend twelve hours a day in a space the size of an office desk. It is intensely humid and sweat bees drink from your skin, making it difficult to focus a lens without being stung. Things are no easier on the jungle floor. Fungus sprouts on your equipment and there are leaf-cutter ants <sans_b>C) ..........</sans_b> . And despite all this you still get the perfect shot. His photographs are unlike my others and include shots of serpentine jungle rivers, chameleons caught asleep, a seed falling to earth and almost the last white rhinoceros.</p>
			<p margin_top="0">Many of Lanting’s images are taken as close-ups and are, in fact, attempts to portray animals as individuals, as distinct in their characters as you and I. Other effects of this approach to photography have almost been as impressive as the pictures themselves. His essay in 1987 on the landscape and people of Madagascar helped to stimulate awareness of the country’s extraordinarily diverse wildlife. This then prompted a growth in tourism and foreign aid, <sans_b>D) ..........</sans_b> .</p>
			<content-image class="inner"/>
			<p margin_top="0">Lanting has such a professional attitude that it comes as a surprise to learn that he did not pick up a camera until he was in his early twenties. Bored with his job as an environmental planner, he taught himself photography and in the early 1980s moved to the US. “I never envisaged that I could make a career out of it,” he says, “but we’ve witnessed a tremendous increase in concern for the natural world.” He adds, “Photography plays a significant role in shaping those perceptions.” So Lanting has travelled all over the world in pursuit of quarry such as the last white rhinoceros in Zaire in the hope that his photographs can play a part in increasing awareness of the worrying rate of extinction of biodiversity.</p>
			<p margin_top="0">People are also important to Lanting’s work <sans_b>E) ..........</sans_b> . It is perhaps this that distinguishes his photographs from our holiday snapshots. “I think a photograph, of whatever it might be – a landscape, a person – requires personal involvement. That means knowing your subject <sans_b>F) ..........</sans_b> .” And with that he rises quickly from his chair and heads for the great outdoors, bound for an encounter with the local wildlife – taxi drivers and London pigeons. Frans Lanting travels to the ends of the Earth – and everyone who sees his pictures wants to follow him. James Owen talks to the world’s greatest travel and wildlife photographer.</p>
		</temp>
		<inner-task no-counter class="blue-border">
			<inner-task-item>which eat through your tent overnight</inner-task-item>
			<inner-task-item>where the birds you want to photograph live</inner-task-item>
			<inner-task-item>which has enabled the government to substantially increase its annual conservation budget</inner-task-item>
			<inner-task-item>such as the annual gathering of hundreds of rare macaws deep in the forests of the Amazon Basin</inner-task-item>
			<inner-task-item>which must be recognised as part of our heritage</inner-task-item>
			<inner-task-item>and not just snapping what’s in front of you</inner-task-item>
			<inner-task-item>and he never takes on a project without involving those on the spot, from bushmen to Native Americans</inner-task-item>
		</inner-task>
		<gaps>A,B,C,D,E,F</gaps>
	</task>
	<task numbered>
		<p><icon class="pen"/>Complete with: <blue_sans>jungle, diverse, intensely, holiday, wildlife, take, tree, deep, stimulate, significant, personal, annual</blue_sans>. Make sentences using the phrases.</p>
		<inner-task>
			<inner-task-item>..... photographer</inner-task-item>
			<inner-task-item>..... in the forests</inner-task-item>
			<inner-task-item>..... canopy</inner-task-item>
			<inner-task-item>..... floor</inner-task-item>
			<inner-task-item>..... awareness</inner-task-item>
			<inner-task-item>..... wildlife</inner-task-item>
			<inner-task-item>..... gathering</inner-task-item>
			<inner-task-item>..... on a project</inner-task-item>
			<inner-task-item>..... humid</inner-task-item>
			<inner-task-item>play a ..... role</inner-task-item>
			<inner-task-item>..... snapshots</inner-task-item>
			<inner-task-item>..... involvement</inner-task-item>
		</inner-task>
	</task>
	<task>
		<p>Explain the words in bold. Give the text another title.</p>
	</task>
	<unit-h2>Listening & Speaking</unit-h2>
	<task>
		<p><icon class="headphones"/>Listen as you read the text again. How does Frans feel about his job? What difficulties does he face while at work?</p>
	</task>
	<task>
		<p>Which of the following adjectives best describe Frans? Give reasons</p>
		<task-item>determined</task-item>
		<task-item>strong</task-item>
		<task-item>brave</task-item>
		<task-item>proud</task-item>
		<task-item>sceptical</task-item>
		<task-item>shy</task-item>
		<task-item>confident</task-item>
		<task-item>adventurous</task-item>
		<task-item>impatient</task-item>
		<task-item>insincere</task-item>
		<p><sans_i>e.g. Frans is determined. He can spend hours every day waiting to get the best shot.</sans_i></p>
	</task>
	<task>
		<p>Imagine you are Frans Lanting. Use the information in the text to present yourself to the class.</p>
	</task>
	<unit-h2>Writing</unit-h2>
	<task>
		<p><icon class="think"/>What qualities should a wildlife photographer have? In three minutes write a few sentences explaining why each quality is important. Read your sentences to the class.</p>
	</task>

</paragraph>