<paragraph version="1.0" id="paragraph_21" module="4" unit="2" first-page="106">

	<page/>
	<unit-intro/>
	<unit-h2>Vocabulary & Grammar</unit-h2>
	<unit-h3>Weather</unit-h3>
	<task>
		<p>List the words below under the headings from the mildest to the strongest. Which of these weather phenomena are common in your country?</p>
		<task-item>rain</task-item>
		<task-item>fog</task-item>
		<task-item>drizzle</task-item>
		<task-item>storm</task-item>
		<task-item>snow</task-item>
		<task-item>ice</task-item>
		<task-item>heatwave</task-item>
		<task-item>downpour</task-item>
		<task-item>gust</task-item>
		<task-item>flood</task-item>
		<task-item>frost</task-item>
		<task-item>gale</task-item>
		<task-item>hurricane</task-item>
		<task-item>hail</task-item>
		<task-item>drought</task-item>
		<task-item>cyclone</task-item>
		<task-item>monsoon</task-item>
		<task-item>sunny</task-item>
		<p align="center"><content-image/></p>
	</task>
	<task numbered>
		<p>Choose the correct word. Then translate the sentences into Russian.</p>
		<inner-task>
			<inner-task-item>It was only <sans_b>pouring/drizzling</sans_b> lightly but we still got wet through.</inner-task-item>
			<inner-task-item>It was <sans_b>baking/flaming</sans_b> hot under the midday sun so we stayed indoors.</inner-task-item>
			<inner-task-item>Be careful of that saucepan – the soup is boiling/ beaming hot!</inner-task-item>
			<inner-task-item>The rain <sans_b>beamed/poured</sans_b> down and the road became like a river.</inner-task-item>
			<inner-task-item>After a night with temperatures below zero, the frost <sans_b>glowed/sparkled</sans_b> in the morning sun.</inner-task-item>
			<inner-task-item>They looked at the <sans_b>thick/wide</sans_b> clouds and realised it was going to rain.</inner-task-item>
			<inner-task-item>That new boy in my class looks very <sans_b>bright/shining</sans_b>.</inner-task-item>
			<inner-task-item>The storm was so <sans_b>fierce/angry</sans_b> that dozens of trees were uprooted in our area.</inner-task-item>
		</inner-task>
	</task>
	<unit-h2>Listening & Speaking</unit-h2>
	<task>
		<p><icon class="headphones"/> Listen to two people talking about their holiday. Where does the dialogue take place? What exactly are they talking about? How do they feel?</p>
	</task>
	<unit-h2>Everyday English</unit-h2>
	<unit-h3>Annoyance/Sympathy</unit-h3>
	<task>
		<p>Work in pairs. You were away at the weekend but you didn’t enjoy it. Use phrases from the table below to act out your dialogue.</p>
		<everyday-english-table>
			<tr>
				<td>Expressing annoyance</td>
				<td>Express sympathy</td>
			</tr>
			<tr>
				<td>
					<p>What a dreadful/terrible ... .</p>
					<p>It wasn’t very ..., was it?</p>
					<p>They could at least ...</p>
				</td>
				<td>
					<p>It’s a pity.</p>
					<p>I’m so sorry.</p>
					<p>Oh, dear!</p>
					<p>That’s a shame.</p>
				</td>
			</tr>
		</everyday-english-table>
	</task>
	<unit-h3>Idioms</unit-h3>
	<task numbered>
		<p>Explain the idioms in bold. Are there similar ones in your language? Which idiom best describes the picture?</p>
		<p align="center"><content-image/></p>
		<inner-task>
			<inner-task-item>I got caught in a downpour and was <sans_b>soaked to the skin.</sans_b></inner-task-item>
			<inner-task-item>The coast guard has to go out <sans_b>in all weathers.</sans_b></inner-task-item>
			<inner-task-item>John doesn’t feel well, he’s <sans_b>under the weather.</sans_b></inner-task-item>
			<inner-task-item>It wasn’t a serious argument, just <sans_b>a storm in a teacup,</sans_b> really.</inner-task-item>
			<inner-task-item>Katie puts some money in the bank every month <sans_b>for a rainy day.</sans_b></inner-task-item>
		</inner-task>
	</task>
	<unit-h3>Problems</unit-h3>
	<task numbered>
		<p>Choose the correct word.</p>
		<inner-task>
			<inner-task-item>Most teenagers will feel some peer <sans_b>pressure/force</sans_b> at one time or another.</inner-task-item>
			<inner-task-item>Karl hasn’t got many friends because he has a rather selfish <sans_b>attitude/behaviour</sans_b> at times.</inner-task-item>
			<inner-task-item>People who <sans_b>lack/miss</sans_b> self-esteem have problems feeling good about themselves.</inner-task-item>
			<inner-task-item>Going through school with no friends was a <sans_b>hurtful/painful</sans_b> experience for him.</inner-task-item>
			<inner-task-item>She looked to her elder sister to be her role <sans_b>model/partner</sans_b>.</inner-task-item>
			<inner-task-item>At his new school he had to <sans_b>adopt/adapt</sans_b> his behaviour to fit in with everyone.</inner-task-item>
		</inner-task>
	</task>

	<page />
	<task numbered>
		<p><icon class="pen"/> <green_sans_b>Control</green_sans_b> or <green_sans_b>Check</green_sans_b>? Complete the gaps. Use the completed phrases in sentences of your own.</p>
		<inner-task>
			<inner-task-item>..... the exam answers, </inner-task-item>
			<inner-task-item>..... your dog,</inner-task-item>
			<inner-task-item>..... the information, </inner-task-item>
			<inner-task-item>..... your temper,</inner-task-item>
			<inner-task-item>..... your actions</inner-task-item>
		</inner-task>
	</task>
	<unit-h3>Prepositions</unit-h3>
	<task numbered>
		<p><icon class="pen"/> Complete with: <blue_sans>at, to, for, about, with, in</blue_sans>. Check in Appendix II.</p>
		<inner-task>
			<inner-task-item>Jane smiled ..... him politely.</inner-task-item>
			<inner-task-item>She smiled ..... herself as she looked at the mirror.</inner-task-item>
			<inner-task-item>It didn’t take him long to adapt ..... his new life.</inner-task-item>
			<inner-task-item>Tom felt very sorry ..... himself and didn’t feel like talking to anyone.</inner-task-item>
			<inner-task-item>I’m sorry ..... what happened.</inner-task-item>
			<inner-task-item>The coach was packed ..... tourists.</inner-task-item>
			<inner-task-item>She wasn’t very enthusiastic ..... the trip.</inner-task-item>
			<inner-task-item>It took us a few days to get used to the increase ..... temperature.</inner-task-item>
		</inner-task>
	</task>
	<unit-h3>Relatives <sans>(GR p. 174)</sans></unit-h3>
	<task numbered>
		<p><icon class="pen"/> Complete the sentences using the words in bold. Use two to five words.</p>
		<inner-task>
			<inner-task-item>
				<temp modify-child-text-nodes="sans">
					<p>He has three sisters, two of them live in Paris.</p>
					<p><sans_b>"whom"</sans_b>: He has three sisters, ..... in Paris.</p>
				</temp>
			</inner-task-item>
			<inner-task-item>
				<temp modify-child-text-nodes="sans">
					<p>You met my brother Tom yesterday.</p>
					<p><sans_b>"who"</sans_b>: The boy ..... was my brother Tom.</p>
				</temp>
			</inner-task-item>
			<inner-task-item>
				<temp modify-child-text-nodes="sans">
					<p>It was Paul’s book that Jane took.</p>
					<p><sans_b>"which"</sans_b>: The book ..... to Paul.</p>
				</temp>
			</inner-task-item>
			<inner-task-item>
				<temp modify-child-text-nodes="sans">
					<p>Brigg’s Bakery is over the road; it has great cakes.</p>
					<p><sans_b>"where"</sans_b>: Over the road is Briggs’ Bakery ..... great cakes.</p>
				</temp>
			</inner-task-item>
			<inner-task-item>
				<temp modify-child-text-nodes="sans">
					<p>This is Pete; his sister works with me.</p>
					<p><sans_b>"whose"</sans_b>: This is Pete ..... with me.</p>
				</temp>
			</inner-task-item>
			<inner-task-item>
				<temp modify-child-text-nodes="sans">
					<p>He’s afraid of water so he never swims in the sea.</p>
					<p><sans_b>"which"</sans_b>: He’s afraid of water ..... never swims in the sea.</p>
				</temp>
			</inner-task-item>
		</inner-task>
	</task>
	<unit-h3>Making deductions</unit-h3>
	<task>
		<p>Look at the pictures. Make sentences using <blue_sans_b>must, can’t</blue_sans_b> or <blue_sans_b>may</blue_sans_b>.</p>
		<p align="center"><content-image/></p>
		<temp modify-child-text-nodes="sans_i">
			<p>e.g. A – It <sans_bi>must</sans_bi> be very cold. It <sans_bi>can’t</sans_bi> be summer.</p>
		</temp>
	</task>
	<task>
		<p><icon class="pen"/><icon class="rne"/>Read the text given below. Form derivatives from the words written in capital letters at the end of the lines and marked by numbers 1-6 to make them match the contents of the text grammatically and lexically. Complete the gaps with transformed words. Each gap corresponds with a separate task from group 1-6.</p>
		<p align="center"><content-image/></p>
		<text-with-matches>
			<td>
				<p>Boasting the latest in engineering technology, the new railway linking Tibet to Central China is the highest railway in the world. The line runs through an environment that is so <sans_b>1) .....</sans_b> that many of the workers fell critically ill during construction. Inside the carriages, however, an array of electronic sensors secure the <sans_b>2) .....</sans_b> of the passengers and monitor the air circulation and the levels of oxygen. The trains are also designed to cope with lightning strikes, since the <sans_b>3) .....</sans_b> of electrical storms is high on the mountain slopes.</p>
				<p>However, this new Himalayan railway <sans_b>4) .....</sans_b> is highly controversial. Although most people agree that it will bring greater <sans_b>5) .....</sans_b> to the region, many worry that Tibet’s unique culture will be lost. Moreover, <sans_b>6) .....</sans_b> are concerned about the effects on the Himalayan wildlife such as the Tibetan antelope, which is among the most endangered species in the world. The animals are extremely timid and easily disturbed by any human activity.</p>
			</td>
			<td>
				<p>FRIENDLY</p>
				<p>SAFE</p>
				<p>PROBABLE</p>
				<p>DEVELOP</p>
				<p>PROSPER</p>
				<p>ECOLOGY</p>
			</td>
		</text-with-matches>
		</table>
		<p align="center"><content-image/></p>
	</task>
	
</paragraph>