<paragraph version="1.0" id="paragraph_02" module="1" unit="2" first-page="8">

	<page/>
	<unit-intro/>
	<unit-h2>Vocabulary & Grammar</unit-h2>
	<task>
		<p>Use the phrases to describe the cartoon drawings. How do you think each person is feeling?</p>
		<p align="center"><content-image /></p>
		<p><sans_i>e.g. Ben has his hands on his hips. His face is red and …</sans_i></p>
	</task>
	<task numbered>
		<p><icon class="pen"/>Use the verbs in the list to complete the sentences below.</p>
		<task-item>clenched</task-item>
		<task-item>bowed</task-item>
		<task-item>wrinkled</task-item>
		<task-item>squinted</task-item>
		<task-item>shrugged</task-item>
		<task-item>snapped</task-item>
		<task-item>shook</task-item>
		<task-item>drummed</task-item>
		<task-item>scratched</task-item>
		<task-item>licked</task-item>
		<inner-task>
			<inner-task-item>He had forgotten his glasses, so he ..... to read the small print.</inner-task-item>
			<inner-task-item>Robert ..... his head in shame when he remembered how rude he had been to his teacher.</inner-task-item>
			<inner-task-item>She ..... her fingers impatiently on the counter as she waited for the manager to come.</inner-task-item>
			<inner-task-item>She ..... her teeth angrily and made a brave effort not to show how much she hated him.</inner-task-item>
			<inner-task-item>He ..... his fingers to attract the waiter’s attention.</inner-task-item>
			<inner-task-item>She ..... her nose in disgust when she smelt the bad meat in the fridge.</inner-task-item>
			<inner-task-item>The children ..... their lips hungrily when they saw the delicious cake.</inner-task-item>
			<inner-task-item>James just ..... his shoulders as if he didn’t care when he heard the news.</inner-task-item>
			<inner-task-item>My grandfather ..... his head in disbelief when he heard how much my new designer jeans cost.</inner-task-item>
			<inner-task-item>He ..... his head thoughtfully as he read the difficult questions in the exam.</inner-task-item>
		</inner-task>
	</task>
	<task numbered>
		<p>Choose the correct word. Then translate the sentences into Russian.</p>
		<inner-task>
			<inner-task-item>I don’t <sans_b>trust/recall/consider/think</sans_b> him to be a very reliable person.</inner-task-item>
			<inner-task-item>My father cannot lift anything heavy because he <sans_b>hurts/suffers/aches/pains</sans_b> from a bad back.</inner-task-item>
			<inner-task-item>I’m afraid that I’m not <sans_b>familiar/aware/known/recognised</sans_b> with any of his books so I can’t answer your question.</inner-task-item>
			<inner-task-item>Many people move to big cities hoping to make a better <sans_b>income/earning/wage/living</sans_b> for themselves.</inner-task-item>
			<inner-task-item>I can’t make any <sans_b>sense/logic/reason/explanation</sans_b> of this letter – the handwriting is so bad!</inner-task-item>
			<inner-task-item>The little girl was so <sans_b>curious/fascinated/interested/attracted</sans_b> by the story that she asked her mother to read it again.</inner-task-item>
			<inner-task-item>Peter <sans_b>turned/bent/nodded/lowered</sans_b> his head in understanding when I explained the problem.</inner-task-item>
			<inner-task-item>He clenched his <sans_b>nose/fingers/eyes/teeth</sans_b> when the doctor gave him an injection.</inner-task-item>
			<inner-task-item>The audience <sans_b>punched/clapped/tapped/smacked</sans_b> their hands enthusiastically at the end of the performance.</inner-task-item>
			<inner-task-item>He couldn’t <sans_b>look/stare/glance/gaze</sans_b> his mother in the eye because he was so ashamed of what he had done.</inner-task-item>
		</inner-task>
	</task>
	<unit-h3>Ways to look</unit-h3>
	<task numbered>
		<p><icon class="pen"/>Check these words in the dictionary. Use the words in their correct form to complete the phrases. Which of these verbs best describe the people in the pictures?</p>
		<task-item>glare</task-item>
		<task-item>stare</task-item>
		<task-item>wink</task-item>
		<task-item>peer</task-item>
		<task-item>glance</task-item>
		<tbl>
			<td text-align="center">
				<content-image/>
			</td>
			<td text-align="center">
				<content-image/>
			</td>
		</tbl>
		<inner-task>
			<inner-task-item>I don’t <sans_b>trust/recall/consider/think</sans_b> him to be a very reliable person.</inner-task-item>
			<inner-task-item>My father cannot lift anything heavy because he <sans_b>hurts/suffers/aches/pains</sans_b> from a bad back.</inner-task-item>
			<inner-task-item>I’m afraid that I’m not <sans_b>familiar/aware/known/recognised</sans_b> with any of his books so I can’t answer your question.</inner-task-item>
			<inner-task-item>Many people move to big cities hoping to make a better <sans_b>income/earning/wage/living</sans_b> for themselves.</inner-task-item>
			<inner-task-item>I can’t make any <sans_b>sense/logic/reason/explanation</sans_b> of this letter – the handwriting is so bad!</inner-task-item>
			<inner-task-item>The little girl was so <sans_b>curious/fascinated/interested/attracted</sans_b> by the story that she asked her mother to read it again.</inner-task-item>
			<inner-task-item>Peter <sans_b>turned/bent/nodded/lowered</sans_b> his head in understanding when I explained the problem.</inner-task-item>
			<inner-task-item>He clenched his <sans_b>nose/fingers/eyes/teeth</sans_b> when the doctor gave him an injection.</inner-task-item>
			<inner-task-item>The audience <sans_b>punched/clapped/tapped/smacked</sans_b> their hands enthusiastically at the end of the performance.</inner-task-item>
			<inner-task-item>He couldn’t <sans_b>look/stare/glance/gaze</sans_b> his mother in the eye because he was so ashamed of what he had done.</inner-task-item>
		</inner-task>
	</task>

	<page />
	<unit-h3>Multiple Choice Cloze</unit-h3>
	<task>
		<p><icon class="pen"/><icon class="rne"/>Read the text with the gaps marked by numbers 1-7. These numbers correspond with tasks 1-7, which contain answers that are possibly correct. Choose number 1, 2, 3 or 4 for each task.</p>
		<task-item>glare</task-item>
		<task-item>stare</task-item>
		<task-item>wink</task-item>
		<task-item>peer</task-item>
		<task-item>glance</task-item>
		<p align="center"><content-image/></p>
		<temp modify-child-text-nodes="sans">
			<content-image class="inner_left"/>
			<p indent="2">You’re standing in a public area. Suddenly there’s a disturbance. Though you can’t see what’s going on, you immediately feel <sans_b>1) .....</sans_b> and quickly move away.</p>
			<p indent="2">Scientists have long known about animal <sans_b>2) .....</sans_b> to danger. For instance, if one animal begins to run away, then all the other animals in the group will follow. But scientists have been baffled by what causes <sans_b>3) .....</sans_b> behaviour in humans. What is it that causes fear to spread so quickly through a group of people?</p>
			<p indent="2">Researchers at Harvard believe they may have solved the mystery. In the past it was accepted that people judged emotional situations simply by looking at faces. This new study has <sans_b>4) .....</sans_b> that the position of the body is also important.</p>
			<p indent="2">To test their theory, the scientists showed pictures of people <sans_b>5) .....</sans_b> in different poses but with their faces rubbed out. The pictures showed people in happy, neutral and fearful positions. While the test subjects looked at the pictures, their brains were scanned to see how they reacted. The researchers found that the fearful position caused a very <sans_b>6) .....</sans_b> reaction despite the lack of any facial expression in the pictures. The effects suggest that humans react instinctively to a position of fear in other people and that this <sans_b>7) .....</sans_b> in our behaviour has helped humans to survive in dangerous situations throughout our evolution.</p>
		</temp>
		<table width="100%" border-style="none">
			<tr>
				<td><sans_b>1</sans_b>&#160;</td>
				<td><sans_b>1</sans_b>&#160;<sans>irritable</sans></td>
				<td><sans_b>2</sans_b>&#160;<sans>nervous</sans></td>
				<td><sans_b>3</sans_b>&#160;<sans>impatient</sans></td>
				<td><sans_b>4</sans_b>&#160;<sans>doubtful</sans></td>
			</tr>
			<tr>
				<td><sans_b>2</sans_b>&#160;</td>
				<td width="25%"><sans_b>1</sans_b>&#160;<sans>replies</sans></td>
				<td width="25%"><sans_b>2</sans_b>&#160;<sans>explanations</sans></td>
				<td width="25%"><sans_b>3</sans_b>&#160;<sans>answers</sans></td>
				<td width="25%"><sans_b>4</sans_b>&#160;<sans>responses</sans></td>
			</tr>
			<tr>
				<td><sans_b>3</sans_b>&#160;</td>
				<td><sans_b>1</sans_b>&#160;<sans>similar</sans></td>
				<td><sans_b>2</sans_b>&#160;<sans>equal</sans></td>
				<td><sans_b>3</sans_b>&#160;<sans>like</sans></td>
				<td><sans_b>4</sans_b>&#160;<sans>same</sans></td>
			</tr>
			<tr>
				<td><sans_b>4</sans_b>&#160;</td>
				<td><sans_b>1</sans_b>&#160;<sans>founded</sans></td>
				<td><sans_b>2</sans_b>&#160;<sans>realised</sans></td>
				<td><sans_b>3</sans_b>&#160;<sans>exposed</sans></td>
				<td><sans_b>4</sans_b>&#160;<sans>revealed</sans></td>
			</tr>
			<tr>
				<td><sans_b>5</sans_b>&#160;</td>
				<td><sans_b>1</sans_b>&#160;<sans>forming</sans></td>
				<td><sans_b>2</sans_b>&#160;<sans>having</sans></td>
				<td><sans_b>3</sans_b>&#160;<sans>standing</sans></td>
				<td><sans_b>4</sans_b>&#160;<sans>taking</sans></td>
			</tr>
			<tr>
				<td><sans_b>6</sans_b>&#160;</td>
				<td><sans_b>1</sans_b>&#160;<sans>hard</sans></td>
				<td><sans_b>2</sans_b>&#160;<sans>strong</sans></td>
				<td><sans_b>3</sans_b>&#160;<sans>tough</sans></td>
				<td><sans_b>4</sans_b>&#160;<sans>strict</sans></td>
			</tr>
			<tr>
				<td><sans_b>7</sans_b>&#160;</td>
				<td><sans_b>1</sans_b>&#160;<sans>effect</sans></td>
				<td><sans_b>2</sans_b>&#160;<sans>development</sans></td>
				<td><sans_b>3</sans_b>&#160;<sans>result</sans></td>
				<td><sans_b>4</sans_b>&#160;<sans>conclusion</sans></td>
			</tr>
		</table>
	</task>
	<unit-h3>Comparisons <sans>(GR p. 163)</sans></unit-h3>
	<task numbered>
		<p><icon class="pen"/> Complete the sentences with a positive or negative comparative form to show your opinion. </p>
		<inner-task>
			<inner-task-item>Doctors should be paid ..... <sans_b>(much)</sans_b> money than footballers.</inner-task-item>
			<inner-task-item>It is ..... <sans_b>(hard)</sans_b> to forget than to forgive.</inner-task-item>
			<inner-task-item>Happy people tend to be ..... <sans_b>(selfcentred)</sans_b> than unhappy ones.</inner-task-item>
			<inner-task-item>Painting is ..... <sans_b>(relaxing)</sans_b> than listening to music.</inner-task-item>
			<inner-task-item>Rich people are ..... <sans_b>(happy)</sans_b> than poor people.</inner-task-item>
		</inner-task>
	</task>
	<task numbered>
		<p><icon class="pen"/> Complete the sentences so that they are true for you.</p>
		<inner-task>
			<inner-task-item>
				<p margin_top="0"><sans_b>(good)</sans_b><sans> actor in the world ...</sans></p>
				<p margin_top="0"><blue_sans_i>I think the best actor in the world is ...</blue_sans_i></p>
			</inner-task-item>
			<inner-task-item><sans_b>(funny)</sans_b> person I know ...</inner-task-item>
			<inner-task-item><sans_b>(tiring)</sans_b> job ...</inner-task-item>
			<inner-task-item><sans_b>(expensive)</sans_b> restaurant in my town ...</inner-task-item>
			<inner-task-item><sans_b>(cold)</sans_b> place in my country ...</inner-task-item>
			<inner-task-item><sans_b>(difficult)</sans_b> language in the world ...</inner-task-item>
			<inner-task-item><sans_b>(windy)</sans_b> place in my country ...</inner-task-item>
		</inner-task>
	</task>
	<unit-h3>Key word transformations</unit-h3>
	<task numbered>
		<p><icon class="pen"/> Complete the sentences using the words in bold. Use two to five words.</p>
		<inner-task>
			<inner-task-item>
				<temp modify-child-text-nodes="sans">
					<p>Bill earns more money than Ann.</p>
					<p><sans_b>"as"</sans_b>: Ann doesn’t ..... Bill.</p>
				</temp>
			</inner-task-item>
			<inner-task-item>
				<temp modify-child-text-nodes="sans">
					<p>If you practise, you’ll get better.</p>
					<p><sans_b>"the"</sans_b>: The more ..... will get.</p>
				</temp>
			</inner-task-item>
			<inner-task-item>
				<temp modify-child-text-nodes="sans">
					<p>We finished in half the time she took.</p>
					<p><sans_b>"twice"</sans_b>: It took her ..... it took us to finish.</p>
				</temp>
			</inner-task-item>
			<inner-task-item>
				<temp modify-child-text-nodes="sans">
					<p>This is the fastest she can run.</p>
					<p><sans_b>"any"</sans_b>: She can’t ..... this.</p>
				</temp>
			</inner-task-item>
			<inner-task-item>
				<temp modify-child-text-nodes="sans">
					<p>He didn’t expect it to cost so much.</p>
					<p><sans_b>"paid"</sans_b>: He ..... he expected.</p>
				</temp>
			</inner-task-item>
		</inner-task>
	</task>

</paragraph>