<paragraph version="1.0" id="paragraph_01" module="1" unit="1" first-page="6">

	<page/>
	<unit-intro/>
	<unit-h2>Lead in</unit-h2>
	<task>
		<p>Who’s the man at the Body Talk picture below? Which character does he portray? What is special about the character?</p>
	</task>
	<task>
		<p>Read the title of the text. How do you think this character is related to the text? Read through to find out.</p>
	</task>
	<unit-h2>Reading</unit-h2>
	<task>
		<p><icon class="pen"/><icon class="rne"/> Read the text and complete tasks 1-7. In each task choose number 1, 2, 3 or 4.</p>
		<p align="center"><content-image /></p>
		<temp modify-child-text-nodes="sans">
			<indented-p>You will probably laugh when I tell you that my interest in body language was sparked by a favourite professor of mine at university. He mentioned ‘Pinocchio Syndrome’ to me one wintry morning after <sans_u>claiming</sans_u> that I always rubbed my nose when giving excuses for being late to his lectures. Apparently, when someone tells a lie, the person’s blood <sans_b>rushes</sans_b> to the nose and the extra blood makes it <sans_u>itchy</sans_u>. So if you think someone is not being entirely honest with you, perhaps like my professor you should watch to see if they <sans_b>scratch</sans_b> their nose! This little example of non-verbal communication inspired me to become a body language expert.</indented-p>
			<indented-p>Now, I earn my living by training people in non-verbal communication. Knowing when someone is lying and knowing how to <sans_b>convince</sans_b> people you’re telling the truth are two of the most important skills you’ll ever learn. For example, lawyers build their reputation on their deductive skills when cross-examining in court, while politicians need to rely on their powers of persuasion to gain support.</indented-p>
			<indented-p>I have dedicated my life to studying the ways the human body gives more <sans_b>reliable</sans_b> information than the words we speak. The words say one thing but the body may say something completely different. This is the theory of body language and most of us are familiar with the <sans_b>basics</sans_b>. We know that crossed arms can be seen as either <sans_u>defensive</sans_u> or aggressive, but what about facial expressions, gestures, <sans_u>posture</sans_u>, and the intonation and rhythm of our speech? All of these <sans_u>speak volumes</sans_u> and can be understood if you only know how to make sense of the signs.</indented-p>
			<indented-p>Take the eyes, for example. If I told you a lie, you would probably expect me to look away rather than look you full in the face. However, this is not, as commonly thought, the sure sign of a lie, but the reflexive <sans_u>movements</sans_u> we make when we are trying to remember something. Because of this, glancing away is not as easy to <sans_b>interpret</sans_b> as you might believe. A good liar is not searching his memory for the truth, so he can quite easily look you straight in the eyes as he speaks to make the lie more <sans_b>convincing</sans_b>. Here’s a tip, though. Watch the pupil of the eye; does it change size? If it gets bigger, this is probably an <sans_b>involuntary sign</sans_b> that something is being hidden.</indented-p>
			<indented-p>Body language is something that the majority of us cannot control; it’s what escapes when we’re <sans_b>concentrating on</sans_b> something else. I might think I’m creating a good impression because my voice is strong and steady and my speech is clear, but the sweat pouring off my forehead and my constantly moving feet say otherwise.</indented-p>
			<indented-p>Business clients are constantly in need of my services and I try to improve their confidence in themselves by teaching them about body language. I give advice about handshakes, which should always be firm and steady, and I teach the importance of personal space, explaining that people who live in warm climates stand a lot closer to one another than people in cooler climates. They may seem like minor matters, but these codes of behaviour can be the <sans_b>key</sans_b> to making or <sans_u>breaking a business deal</sans_u>.</indented-p>
			<indented-p>My working life gives me a great deal of satisfaction. I feel that I’m providing a public service, but it is a service that has had its <sans_u>downside</sans_u>. Whenever I meet someone new and I tell them what I do for a living, they immediately <sans_u>put their guard up</sans_u> and they’re no longer relaxed. They quite literally freeze in the <sans_u>attempt</sans_u> to hide all the signals that they <sans_b>assume</sans_b> I’m reading. It makes life difficult at times, but I consider it a small price to pay for a job I enjoy so much.</indented-p>
		</temp>
		<study-skills>
			<p margin_top="0"><sans_b>Multiple choice</sans_b></p>
			<p><sans>Read the text quickly to get an idea of what it is about. Read the statement stem, then find the part of the text which the statement refers to. Go through the choices and choose the one that fits best. The information might be rephrased.</sans></p>
		</study-skills>
		<inner-task>
			<p>Why did the writer originally become interested in body language?</p>
			<inner-task-item>Someone made a comment to him.</inner-task-item>
			<inner-task-item>He wanted to know why people tell lies.</inner-task-item>
			<inner-task-item>He wanted to learn more about ‘Pinocchio Syndrome’.</inner-task-item>
			<inner-task-item>His professor recommended the subject to him.</inner-task-item>
		</inner-task>
		<inner-task>
			<p>According to the writer, non-verbal communication is important because</p>
			<inner-task-item>it helps lawyers to be more skilful.</inner-task-item>
			<inner-task-item>politicians need to know when people are lying.</inner-task-item>
			<inner-task-item>it can help make people believe what you tell them.</inner-task-item>
			<inner-task-item>it provides a unique way of earning one’s living.</inner-task-item>
		</inner-task>
		<inner-task>
			<p>What does the writer assume about his readers?</p>
			<inner-task-item>They are able to change their intonation.</inner-task-item>
			<inner-task-item>They need to develop good posture.</inner-task-item>
			<inner-task-item>They use only words to communicate.</inner-task-item>
			<inner-task-item>They know something about the subject.</inner-task-item>
		</inner-task>
		<inner-task>
			<p>The writer feels it is not easy to recognise when someone is lying because</p>
			<inner-task-item>they have an honest look on their face.</inner-task-item>
			<inner-task-item>they move their eyes very rapidly.</inner-task-item>
			<inner-task-item>listeners can read body language incorrectly.</inner-task-item>
			<inner-task-item>listeners do not look into their eyes.</inner-task-item>
		</inner-task>
		<inner-task>
			<p>The most important thing for businessmen to learn is the</p>
			<inner-task-item>laws of a particular country.</inner-task-item>
			<inner-task-item>correct way to behave.</inner-task-item>
			<inner-task-item>necessity of being polite.</inner-task-item>
			<inner-task-item>skill of appearing confident.</inner-task-item>
		</inner-task>
		<inner-task>
			<p>People react in a negative way when they meet the writer because they</p>
			<inner-task-item>think he is too self-confident.</inner-task-item>
			<inner-task-item>assume that he is always lying.</inner-task-item>
			<inner-task-item>have heard about him previously.</inner-task-item>
			<inner-task-item>believe he is studying them.</inner-task-item>
		</inner-task>
		<inner-task>
			<p>What do we learn about the writer from the passage?</p>
			<inner-task-item>He makes a lot of money from his job.</inner-task-item>
			<inner-task-item>He travels the world giving advice.</inner-task-item>
			<inner-task-item>He is dedicated to his work.</inner-task-item>
			<inner-task-item>He trains body language experts.</inner-task-item>
		</inner-task>
	</task>

	<page />
	<task>
		<p>Match the words/phrases in bold from the text to their definitions: <blue_sans>likely to be correct, moves quickly, simplest ideas, understand the meaning, make someone believe something is true, rub fingernails against the skin, unconscious physical response, suppose, believable, focusing on, the deciding factor</blue_sans>. Then, explain the underlined words/phrases.</p>
	</task>
	<task numbered>
		<p><icon class="pen"/>Complete with: <blue_sans>build, improve, facial, business, nonverbal, powers, crossed, body language, space, minor</blue_sans>. Make sentences based on the text, using the phrases.</p>
		<inner-task>
			<inner-task-item>..... communication</inner-task-item>
			<inner-task-item>..... expert</inner-task-item>
			<inner-task-item>..... one’s reputation</inner-task-item>
			<inner-task-item>..... of persuasion</inner-task-item>
			<inner-task-item>..... one’s confidence</inner-task-item>
			<inner-task-item>..... arms</inner-task-item>
			<inner-task-item>..... expressions</inner-task-item>
			<inner-task-item>personal .....</inner-task-item>
			<inner-task-item>..... matters</inner-task-item>
			<inner-task-item>..... deal</inner-task-item>
		</inner-task>
	</task>
	<unit-h2>Speaking & Writing</unit-h2>
	<task>
		<p><icon class="headphones"/><icon class="think"/>Listen as you read the text again. How does the writer feel about his job? Give reasons based on the text. Would you ever choose to do this kind of job? Why/Why not?</p>
	</task>
	<task>
		<p><sans_bi>Project</sans_bi>: What gestures do people in your country use to show anger, joy, worry, regret, annoyance and other emotions? Collect as much information as you can and prepare a presentation for the class. Use photographs to illustrate your work.</p>
	</task>

</paragraph>