<paragraph version="1.0" id="paragraph_06" module="1" unit="6" first-page="16">

	<page/>
	<unit-intro/>
	<unit-h2>Vocabulary & Grammar</unit-h2>
	<unit-h3>Character adjectives</unit-h3>
	<task numbered>
		<p>Choose the correct word. Check in the dictionary.</p>
		<inner-task>
			<inner-task-item>My younger sister is very <sans_b>sensitive/impatient</sans_b> and she gets very upset if you say the wrong thing to her.</inner-task-item>
			<inner-task-item>When Michael is in one of his <sans_b>stubborn/aggressive</sans_b> moods he refuses to admit that he might be wrong about things.</inner-task-item>
			<inner-task-item>She is a very <sans_b>unhelpful/lazy</sans_b> person who expects other people to do everything for her.</inner-task-item>
			<inner-task-item>It is best to leave Peter alone when he has a headache because he can be very <sans_b>bad-tempered/jealous</sans_b>.</inner-task-item>
			<inner-task-item>She is so <sans_b>outgoing/broad-minded</sans_b> that she is never shocked by other people’s behaviour.</inner-task-item>
			<inner-task-item>Fortunately, my employer is quite <sans_b>easy-going/inconsiderate</sans_b> so I can take time off if I need to.</inner-task-item>
			<inner-task-item>I remember John was very <sans_b>bossy/arrogant</sans_b> when he was young; he was always telling the other kids what to do!</inner-task-item>
			<inner-task-item>Janet is very <sans_b>reliable/loyal</sans_b> so you can be sure she will do what she promised.</inner-task-item>
		</inner-task>
	</task>
	<task numbered>
		<p>a) <icon class="pen"/> Match the adjectives to their opposites. Can you add three more pairs to the list?</p>
		<tbl>
			<td>
				<inner-task>
					<inner-task-item>intelligent</inner-task-item>
					<inner-task-item>polite</inner-task-item>
					<inner-task-item>hard-working</inner-task-item>
					<inner-task-item>generous</inner-task-item>
					<inner-task-item>optimistic</inner-task-item>
					<inner-task-item>sociable</inner-task-item>
					<inner-task-item>popular</inner-task-item>
					<inner-task-item>calm</inner-task-item>
				</inner-task>
			</td>
			<td>
				<list list-style-symbols="A B C D E F G H" class="to-sans">
					<list-item>aggressive</list-item>
					<list-item>pessimistic</list-item>
					<list-item>mean</list-item>
					<list-item>stupid</list-item>
					<list-item>unsociable</list-item>
					<list-item>lazy</list-item>
					<list-item>rude</list-item>
					<list-item>unpopular</list-item>
				</list>
			</td>
		</tbl>
		<p>b) Read the school report below. Change the adjectives in bold to make the report positive. Begin like this: <sans_bi>‘Dennis is doing very well this term.’</sans_bi></p>
		<content-image class="inner_left"/>
		<p modify-text-nodes="sans">Dennis is not doing very well this term. He is <sans_b>1) rude</sans_b> to his teachers and he is very <sans_b>2) unsociable</sans_b> with the other children. In fact, he is very <sans_b>3) aggressive</sans_b> in his behaviour towards everybody. He is very <sans_b>4) lazy</sans_b> in class and this makes him very <sans_b>5) unpopular</sans_b>.</p>
	</task>
	<task>
		<p>a) <icon class="think"/> Work in pairs. Choose three adjectives from Ex. 2 which best describe your partner. Give reasons. Does your partner agree with your description?</p>
		<p><sans_i>e.g. I think you are extremely hard-working.</sans_i></p>
	</task>
	<unit-h3>Idioms</unit-h3>
	<task numbered>
		<p>Explain the idioms in bold. Which are positive/negative? Are there similar idioms in your language?</p>
		<inner-task>
			<inner-task-item>She seems to <sans_b>be on cloud nine</sans_b> after getting her degree.</inner-task-item>
			<inner-task-item>The party was great. Everyone seemed to <sans_b>be in high spirits</sans_b>.</inner-task-item>
			<inner-task-item>Despite all her problems, she’s trying to <sans_b>keep her chin up</sans_b>.</inner-task-item>
			<inner-task-item>He almost <sans_b>jumped out of his skin</sans_b> when I tapped him on the shoulder. </inner-task-item>
		</inner-task>
		<p>What would you say if ...</p>
		<inner-task>
			<inner-task-item>you were told you’d won first prize in a short story competition?</inner-task-item>
			<inner-task-item>you and your friends were having a great time at the school party?</inner-task-item>
			<inner-task-item>you hear a loud bang behind you?</inner-task-item>
		</inner-task>
	</task>
	<unit-h3>Prepositions</unit-h3>
	<task numbered>
		<p>Choose the correct preposition. Check in Appendix II. Which of these sentences do you agree with? Correct the sentences which aren’t true for you.</p>
		<inner-task>
			<inner-task-item>I’m fed up <sans_b>with/in</sans_b> rude people.</inner-task-item>
			<inner-task-item>You can’t blame others <sans_b>at/for</sans_b> being indifferent to your problems.</inner-task-item>
			<inner-task-item>Don’t put the blame <sans_b>in/on</sans_b> others when it’s your fault.</inner-task-item>
			<inner-task-item>In order to be happy you need to learn to deal <sans_b>with/of</sans_b> disturbing events.</inner-task-item>
			<inner-task-item>Patience is the key <sans_b>for/to</sans_b> success.</inner-task-item>
			<inner-task-item>Self-doubt can result <sans_b>in/to</sans_b> a lack of confidence.</inner-task-item>
		</inner-task>
	</task>
	<unit-h3>Phrasal verbs</unit-h3>
	<task numbered>
		<p>Choose the correct particle. Check in Appendix 1. Make sentences using the other particle.</p>
		<inner-task>
			<inner-task-item>Don’t run <sans_b>down/off</sans_b> others if you don’t know them.</inner-task-item>
			<inner-task-item>He lied to us but we saw <sans_b>off/through</sans_b> him at once.</inner-task-item>
			<inner-task-item>Always stand up <sans_b>for/in</sans_b> for your rights.</inner-task-item>
			<inner-task-item>He was extremely put <sans_b>up/off</sans_b> by her rudeness.</inner-task-item>
			<inner-task-item>She’s so naive. She’s always taken <sans_b>in/up</sans_b> by his lies.</inner-task-item>
			<inner-task-item>He’s so patient; he’s cut <sans_b>up/out</sans_b> to be a teacher.</inner-task-item>
		</inner-task>
	</task>

	<page />
	<unit-h3>Clauses of reason/purpose/result <sans>(GR pp. 164-165)</sans></unit-h3>
	<task numbered>
		<p>Join the sentences. Use the words in brackets.</p>
		<inner-task>
			<inner-task-item>He was very noisy. He was asked to leave the class. <sans_b>(so)</sans_b><blue_sans_i> He was </blue_sans_i><blue_sans_bi>so</blue_sans_bi><blue_sans_i> noisy that he was asked to leave the class.</blue_sans_i></inner-task-item>
			<inner-task-item>They invited a lot of people. There was nowhere to sit. <sans_b>(such)</sans_b></inner-task-item>
			<inner-task-item>She has been practising every day. She wants to do well in the contest. <sans_b>(so that)</sans_b></inner-task-item>
			<inner-task-item>You should drive slowly. The road might be slippery. <sans_b>(in case)</sans_b></inner-task-item>
			<inner-task-item>He was late for work. He asked his friend for a lift. <sans_b>(since)</sans_b></inner-task-item>
			<inner-task-item>He didn’t comment on her new hairstyle. He was afraid of upsetting her. <sans_b>(so as not to)</sans_b></inner-task-item>
			<inner-task-item>There has been a heavy snowfall. They have closed the road. <sans_b>(due to)</sans_b></inner-task-item>
			<inner-task-item>He declined the invitation. He said he was working that weekend. <sans_b>(on the grounds that)</sans_b></inner-task-item>
		</inner-task>
	</task>
	<unit-h2>Everyday English</unit-h2>
	<unit-h3>Asking about/Expressing feelings</unit-h3>
	<task>
		<p>a) Read the dialogue. How does speaker B feel? Why?</p>
		<temp modify-child-text-nodes="sans">
			<p>A: Is everything OK? You look upset.</p>
			<p>B: Well, it’s been a really long day, and I’ve just found out that I failed my exam.</p>
			<p>A: Oh no!</p>
		</temp>
		<p>b) In pairs, use the language in the box to act out dialogues for the following situations. You can continue your dialogue if you like.</p>
		<list list-style-symbols="•" class="to-sans">
			<list-item>your friend has lost her handbag</list-item>
			<list-item>your friend’s computer broke down</list-item>
			<list-item>your friend had a tooth taken out</list-item>
			<list-item>your friend wanted to attend a rock concert but there were no tickets left</list-item>
		</list>
		<everyday-english-table>
			<tr>
				<td>Asking about feelings</td>
				<td>Expressing feelings</td>
			</tr>
			<tr>
				<td>
					<p>How are you?</p>
					<p>Are you alright/angry/upset/pleased?</p>
					<p>Is everything OK?</p>
					<p>What’s wrong with you?</p>
				</td>
				<td>
					<p>Well, it’s been a ... day and ...</p>
					<p>The thing is I ... ,</p>
					<p>I’ve been in a bad mood all ...</p>
					<p>Actually, ...</p>
					<p>To be honest, I ... .</p>
				</td>
			</tr>
		</everyday-english-table>
	</task>


	
</paragraph>