<paragraph version="1.0" id="paragraph_20" module="4" unit="1" first-page="104">

	<page/>
	<unit-intro/>
	<unit-h2>Lead in</unit-h2>
	<task>
		<p>Work in pairs. Imagine it’s the first day of the school year. There’s a newcomer. You want to be friendly. Ask and answer questions to get to know each other.</p>
		<task-item>What’s your ...?</task-item>
		<task-item>Where are ...?</task-item>
		<task-item>Do you like ...?</task-item>
		<task-item>Where do ...?</task-item>
		<task-item>Have you got any ...?</task-item>
		<task-item>How old ...? </task-item>
		<task-item>How do you ...?</task-item>
		<task-item>Which class ...?</task-item>
	</task>
	<task>
		<p>Read the title of the text. The following words/phrases appear in the text. What can the text be about?</p>
		<task-item>violent heat</task-item>
		<task-item>continuous drizzle</task-item>
		<task-item>promising introduction to life</task-item>
		<task-item>unaware of the shock</task-item>
		<task-item>looking forward to making new friends</task-item>
		<task-item>first day of term</task-item>
		<task-item>clusters of teenagers</task-item>
		<task-item>laughed and chatted together</task-item>
		<task-item>no one glanced in my direction</task-item>
		<task-item>swallowed my pride</task-item>
		<task-item>strolled over to a group of boys</task-item>
		<task-item>a permanent sneer on his face</task-item>
		<task-item>teenage indifference</task-item>
		<task-item>been made to feel welcome</task-item>
		<task-item>my heart sinking once again</task-item>
		<p><icon class="headphones"/>Listen, read and check</p>
	</task>
	<unit-h2>Reading</unit-h2>
	<task>
		<p><icon class="pen"/><icon class="rne"/>Read the text and complete tasks 1-7. In each task choose number 1, 2, 3 or 4.</p>
		<p align="center"><content-image/></p>
		<content-image class="inner_left" width="40%"/>
		<temp modify-child-text-nodes="sans">
			<indented-p>From the moment we returned from the violent heat of East Africa we were soaked by the continuous drizzle of a fine English summer. It was not a particularly promising introduction to life back in England after three years of being baked under the Kenyan sun. Nevertheless, the leaden skies of August could not make me any less enthusiastic about my fast approaching return to British education. I was about to enter a South London comprehensive.</indented-p>
			<indented-p>At the time I was totally unaware of the shock that was awaiting me, one much worse than adapting to the <sans_b>dismal</sans_b> climate. I was just looking forward to making lots of new friends and getting stuck into school life. I was under the impression that the other pupils would be interested in my stories about Africa and would instantly warm to my sparkling personality. Unfortunately, however, I had really been looking at things through rose-tinted glasses and it wasn’t long before I experienced a much darker, unappealing side of things.</indented-p>
			<indented-p>On the first day of term I <sans_b>bounded</sans_b> into the noisy assembly hall eager to size up my new classmates. As I scanned the room, which was packed with huddled clusters of teenagers, I got my first suspicions that becoming part of their cosy groupings might not be as easy as I had imagined. They all seemed to have an air of belonging as they laughed and chatted together. I tried to look relaxed and carefree but no one so much as glanced in my direction, let alone tried to introduce themselves. It turned out to be an uncomfortable morning in my new class, but as the hours <sans_b>dragged by</sans_b>, I tried to work out what would be a good plan of attack for getting in on the action.</indented-p>
			<indented-p>It began to dawn on me that what was needed was a little effort on my part. So at break, I swallowed my pride and strolled over to a group of boys standing by the gates to say hello. The tallest was a dark-haired lad with a permanent <sans_b>sneer</sans_b> on his face. “Where did you get your shiny shoes, mate?” was all he said. I looked down at my new leather shoes and noticed that everyone else was wearing the latest trainers. Before I could think of something amusing to say, they had begun to wander back to class leaving me red-faced and <sans_b>dumbfounded</sans_b> by the gate.</indented-p>
			<indented-p>At the end of my first day, I stormed out of the classroom as soon as the final bell rang, almost knocking over a girl who was passing along the corridor. I was fuming. I had arrived that morning full of hopes for a bright new future, only to have them dashed on the hard rocks of teenage indifference. The dark clouds above my head seemed to settle around me as I <sans_b>trudged</sans_b> back home, reminding me of how <sans_b>grim</sans_b> the day had been. I was so <sans_b>enraged</sans_b> that I almost didn’t hear someone calling my name and I turned round to see a boy from my class, Brian, running to catch up with me.</indented-p>
			<indented-p>“You haven’t exactly been made to feel welcome today, have you?” he said, <sans_b>beaming</sans_b> at me. “You could say that,” I replied sarcastically. He laughed and suggested I give him my mobile number and he would text me later. “But I haven’t got a mobile!” I told him, my heart <sans_b>sinking</sans_b> once again. A look of <sans_b>utter</sans_b> amazement spread across his face and he suddenly went very quiet while I waited for him to reply. Finally, he took a deep breath. “Look, if I were you, I’d get a mobile. Everyone has one! And while you’re at it, sort yourself out with a decent pair of trainers.” Then he was gone.</indented-p>
			<indented-p>I walked into the house and <sans_b>flung</sans_b> my blazer and bag down in the hall. My mum popped her head round the living room door and asked how my first day had gone. “Can you please tell me why I need a mobile phone and trainers if I want to make any friends?” I replied. I was so stony-faced that I think she knew better than to reply, so she just stood there looking confused as I <sans_b>stomped</sans_b> up the stairs and slammed my bedroom door shut.</indented-p>
		</temp>
		<inner-task>
			<p>In paragraph 1 the writer says that</p>
			<inner-task-item>he was pleased to be back in a cooler climate.</inner-task-item>
			<inner-task-item>he was unsure of his feelings about being back in England.</inner-task-item>
			<inner-task-item>he was optimistic, despite the bad weather.</inner-task-item>
			<inner-task-item>he was nervous about starting school.</inner-task-item>
		</inner-task>
		<inner-task>
			<p>The phrase ‘looking at things through rosetinted glasses’ (line 12) means</p>
			<inner-task-item>only seeing a situation from your own point of view.</inner-task-item>
			<inner-task-item>seeing things in a very simple way.</inner-task-item>
			<inner-task-item>only seeing the pleasant aspects of something.</inner-task-item>
			<inner-task-item>having too much confidence in yourself.</inner-task-item>
		</inner-task>
		<inner-task>
			<p>When the writer first met his classmates, he</p>
			<inner-task-item>felt a little afraid of them.</inner-task-item>
			<inner-task-item>suspected he had little in common with them.</inner-task-item>
			<inner-task-item>realised it might take some time before they accepted him.</inner-task-item>
			<inner-task-item>found he lacked the confidence to introduce himself.</inner-task-item>
		</inner-task>
		<inner-task>
			<p>When the writer approached the group of boys, how did they respond?</p>
			<inner-task-item>They made fun of him.</inner-task-item>
			<inner-task-item>They made a joke.</inner-task-item>
			<inner-task-item>They ignored him.</inner-task-item>
			<inner-task-item>They complemented him.</inner-task-item>
		</inner-task>
		<inner-task>
			<p>The writer uses the phrase ‘I stormed out of the classroom’ (line 30) to show that he left a room</p>
			<inner-task-item>quickly and noisily because he was angry.</inner-task-item>
			<inner-task-item>as soon as he could.</inner-task-item>
			<inner-task-item>without anyone seeing him leave.</inner-task-item>
			<inner-task-item>without looking where he was going.</inner-task-item>
		</inner-task>
		<inner-task>
			<p>On the way home, a boy from the writer’s class</p>
			<inner-task-item>offered him an apology.</inner-task-item>
			<inner-task-item>gave him some advice.</inner-task-item>
			<inner-task-item>lost his temper with him.</inner-task-item>
			<inner-task-item>criticised his attitude.</inner-task-item>
		</inner-task>
		<inner-task>
			<p>Which best sums up the writer’s response to his experience?</p>
			<inner-task-item>amazement</inner-task-item>
			<inner-task-item>confusion</inner-task-item>
			<inner-task-item>embarrassment</inner-task-item>
			<inner-task-item>disappointment</inner-task-item>
		</inner-task>
	</task>
	<task numbered>
		<p><icon class="pen"/>Complete with <blue_sans>leaden, air, bright, slam, sparkling, latest, rose-tinted, swallow, feel, deep.</blue_sans></p>
		<p>Make sentences based on the text using the phrases.</p>
		<inner-task>
			<inner-task-item>..... skies</inner-task-item>
			<inner-task-item>..... personality</inner-task-item>
			<inner-task-item>..... glasses</inner-task-item>
			<inner-task-item>..... trainers</inner-task-item>
			<inner-task-item>a(n) ..... of belonging</inner-task-item>
			<inner-task-item>..... my pride</inner-task-item>
			<inner-task-item>..... new future</inner-task-item>
			<inner-task-item>be made to ..... welcome</inner-task-item>
			<inner-task-item>take a(n) ..... breath</inner-task-item>
			<inner-task-item> ..... the door shut</inner-task-item>
		</inner-task>
	</task>
	<task>
		<p>Explain the words in bold. Which of the following teenage problems is the text about? Give the text another heading.</p>
		<task-item>anorexia</task-item>
		<task-item>peer pressure</task-item>
		<task-item>moving out</task-item>
		<task-item>loss of a friend</task-item>
		<task-item>bullying</task-item>
	</task>
	<unit-h2>Speaking & Writing</unit-h2>
	<task>
		<p>Read the text again. Imagine you are Brian. Use the information in the text to tell your family about the newcomer.</p>
	</task>
	<task>
		<p><icon class="think"/>Imagine you are the writer. In five minutes, write a diary entry describing your first day at school and your feelings. Read your entry to the class.</p>
	</task>

</paragraph>