<paragraph version="1.0" id="paragraph_03" module="1" unit="3" first-page="10">

	<page/>
	<unit-intro/>
	<unit-h2>Lead-in</unit-h2>
	<task>
		<p>Look at the two pictures. How are they related? Why do people enjoy events like this?</p>
	</task>
	<task>
		<p><icon class="pen"/><icon class="headphones"/>What types of music do you enjoy? How do they make you feel? Listen to the music clips and match them to the type of music.</p>
		<list list-style-symbols="A B C D E F G" class="to-sans">
			<list-item>classical</list-item>
			<list-item>folk</list-item>
			<list-item>country</list-item>
			<list-item>jazz</list-item>
			<list-item>pop</list-item>
			<list-item>rock</list-item>
			<list-item>blues</list-item>
		</list>
	</task>
	<task>
		<p><icon class="think"/>Read the quotation. In pairs, discuss its meaning and then say whether you agree or disagree with it.</p>
		<p align="center"> <content-image/> </p>
		<study-skills>
			<p>Text completion</p>
			<p>Read the text through, then read the list of missing phrases. Start fitting the phrases into the gaps. Match the topic of the missing phrase with the topic of the phrase before and after each gap. Look for clues such as reference words (he, there, etc) or linking words before or after each gap. Check that the phrase you choose fits grammatically and makes sense. Read the completed text to see if it makes sense.</p>
		</study-skills>
	</task>
	<unit-h2>Reading</unit-h2>
	<task numbered>
		<p><icon class="pen"/><icon class="rne"/>Read the text and complete the gaps A-F with the parts of the sentences marked by numbers 1-7. One part is extra.</p>
		<p align="center"> <content-image/> </p>
		<temp modify-child-text-nodes="sans">
			<p>The skies open and the rain <sans_b>pours</sans_b> down, a sure sign that we are enjoying an English summer. The ground beneath our feet is rapidly turning into a field of mud, but it doesn’t matter. I am having the time of my life, dancing and singing along to the music at the local WOMAD festival with thousands of other fans from all over the country.</p>
			<p>The World of Music, Arts and Dance, or WOMAD, tries to give us a taste of the musical styles that are enjoyed all over the world, and it has become so successful that WOMAD festivals are now held in several countries. The idea for the festival was the brainchild of Peter Gabriel, <sans_b>A) .....</sans_b> . His dream is to broaden our <sans_b>horizons</sans_b>, getting us away from the music we hear on the radio or TV everyday.</p>
			<p>Gabriel says, “The festivals have always been wonderful and <sans_b>unique</sans_b> occasions <sans_b>B) .....</sans_b> . Equally important, they have also helped audiences to understand cultures other than their own through the enjoyment of music. Music is an international language that brings people together.</p>
			<p>World music was the <sans_b>motivation</sans_b> for these hugely important threeday carnivals and to this day remains the main attraction but there are now other delights to experience. Over the years, the festival has turned into an event for the whole family. At this particular festival, I find activities designed for children as well as workshops, multi-media exhibits and stalls selling all kinds of hand-crafted goods. The fun is not only experienced by those in front of the stage, <sans_b>C) .....</sans_b> . I am lucky enough to be invited backstage, where there is a feeling of <sans_b>brotherhood</sans_b> and <sans_b>sisterhood</sans_b> among many of the artists, as well as a feeling that they are doing something to <sans_b>improve</sans_b> international understanding.</p>
			<p>The musicians have come here from all over the world, from Alaska to Zanzibar, so it is not surprising that the festivals have become known as the ‘Global Village’. Nobody is in competition to be the biggest or the best <sans_b>D) .....</sans_b> . Artists share changing rooms and food, laugh, joke and <sans_b>swap</sans_b> stories about life on the road. Although people are in high spirits, the weather is a major problem for this British festival. A common sight is people wearing a plastic bag on each foot. These do-it-yourself boots protect the wearer from the brown soup the field has become. Experiences like this explain why WOMAD has occasionally been renamed WOMUD.</p>
			<p>Nothing, however, can dampen the enthusiasm of the audience. Taking a look at the fans from the stage, I see a crowd that is unified despite their differences. This togetherness is reflected in the final performance of the weekend, designed as a celebration of the main idea behind the festival. The artists gather on stage to give a performance in a <sans_b>multitude</sans_b> of languages. We might not understand every word, but the feelings are <sans_b>unmistakably</sans_b> universal. It just goes to prove that music truly has the ability to break down the language <sans_b>barriers</sans_b> <sans_b>E) .....</sans_b> .</p>
			<p>The concert ends and I join the crowd as it <sans_b>drifts away</sans_b>, leaving behind the echo of the last note played <sans_b>F) .....</sans_b> . The stage comes down and the tents, stalls and canteens are taken apart. The car park slowly empties as a quieter day dawns over the countryside. Another festival is over and all that remains are the fond memories. But the die-hard WOMAD fans are already looking forward to next year’s event. The real joy of having happy memories is the belief that, sometime, somewhere, you’ll get the chance to create even happier ones.</p>
		</temp>
		<inner-task>
			<inner-task-item>who came to fame as the lead singer of the rock group ‘Genesis’</inner-task-item>
			<inner-task-item>and the focus is firmly on community spirit</inner-task-item>
			<inner-task-item>along with the mud-splattered field</inner-task-item>
			<inner-task-item>but without the rain</inner-task-item>
			<inner-task-item>which have introduced many talented artists to an international audience</inner-task-item>
			<inner-task-item>but also by those backstage</inner-task-item>
			<inner-task-item>which so often divide us</inner-task-item>
		</inner-task>
		<gaps>A,B,C,D,E,F</gaps>
	</task>
	<task>
		<p>Explain the words in bold. Use them in sentences of your own to illustrate their meanings.</p>
	</task>

	<page />
	<task numbered>
		<p><icon class="pen"/>Complete with: <blue_sans>hand-crafted, language, main, swap, high, broaden, get, common</blue_sans>. Use the phrases to make sentences based on the text.</p>
		<inner-task>
			<inner-task-item>..... attraction</inner-task-item>
			<inner-task-item>..... goods</inner-task-item>
			<inner-task-item>..... our horizons</inner-task-item>
			<inner-task-item>..... stories</inner-task-item>
			<inner-task-item>..... sight</inner-task-item>
			<inner-task-item>..... barriers</inner-task-item>
			<inner-task-item>..... spirits</inner-task-item>
			<inner-task-item>..... the chance</inner-task-item>
		</inner-task>
	</task>
	<unit-h2>Listening & Speaking</unit-h2>
	<task>
		<p><icon class="headphones"/>Listen as you read the text again. What reasons does the writer give for the popularity of such events? Discuss your answers with a partner and then present your findings to the class.</p>
	</task>
	<task>
		<p><icon class="think"/>“Music can help make world peace.” Spend three minutes writing a few sentences on the topic. Read your sentences to the class. Who agrees with you? Then translate the first three paragraphs of the text into Russian.</p>
	</task>
	<unit-h2>Writing</unit-h2>
	<task>
		<p><sans_bi>Portfolio</sans_bi>: Imagine you attended WOMAD. Send an email to your English pen-friend, describing your experience. Write when it happened, how you went there, who with, what the weather was like, what you did/saw and your feelings.</p>
	</task>

</paragraph>