<paragraph version="1.0" id="paragraph_23" module="4" unit="4" first-page="110">

	<page/>
	<unit-intro/>
	<unit-h2>Lead-in</unit-h2>
	<unit-h3>Travel</unit-h3>
	<task numbered>
		<content-image class="inner" />
		<p>Choose the correct word. Then translate the sentences into Russian.</p>
		<inner-task>
			<inner-task-item>Greece is one of the best places to go to visit <sans_b>aged/antique/ancient/archaic</sans_b> ruins.</inner-task-item>
			<inner-task-item>The beautiful hotel grounds had <sans_b>lush/unique/scenic/rich</sans_b> vegetation.</inner-task-item>
			<inner-task-item>There are few countries in Europe where you need to exchange <sans_b>cash/currency/money/notes</sans_b> these days.</inner-task-item>
			<inner-task-item>We had a fantastic <sans_b>look/sight/view/scenery</sans_b> from our hotel’s roof.</inner-task-item>
			<inner-task-item>A large number of tourists go on <sans_b>packed/charter/pocket/package</sans_b> tours every year.</inner-task-item>
			<inner-task-item>In America you have to pay a tax on any <sans_b>remote/external/foreign/alien</sans_b> goods you buy on holiday.</inner-task-item>
			<inner-task-item>What <sans_b>directs/affects/influences/controls</sans_b> your decision about where to go on holiday?</inner-task-item>
			<inner-task-item>England is a place of outstanding <sans_b>natural/real/genuine/unaffected</sans_b> beauty.</inner-task-item>
			<inner-task-item>Tom hopes to see some <sans_b>strange/rare/odd/unusual</sans_b> birds on his holiday.</inner-task-item>
			<inner-task-item>Plane <sans_b>tickets/fares/fees/charges</sans_b> are becoming so expensive, I may</inner-task-item>
		</inner-task>
	</task>
	<task numbered>
		<p><icon class="pen"/>Listen to two people trying to decide where to go on holiday. Which place do they decide to go to? Why?</p>
		<inner-task>
			<inner-task-item>There was a long line of traffic waiting to cross the US/Mexico ..... .</inner-task-item>
			<inner-task-item>Sally lived a long way away, right on the ..... of town.</inner-task-item>
			<inner-task-item>The forest served as a natural ..... between the two countries.</inner-task-item>
		</inner-task>
	</task>
	<unit-h2>Listening & Speaking</unit-h2>
	<task>
		<p><icon class="headphones"/>Listen to two people trying to decide where to go on holiday. Which place do they decide to go to? Why?</p>
	</task>
	<unit-h2>Everyday English</unit-h2>
	<unit-h3>Reaching a decision</unit-h3>
	<task>
		<p>Work in pairs and use the language below to decide where to go on holiday.</p>
		<everyday-english-table>
			<tr>
				<td>Making suggestions</td>
				<td>Accepting/Rejecting</td>
			</tr>
			<tr>
				<td>
					<p>Let’s ..., shall we?</p>
					<p>Don’t you think ...?</p>
					<p>How/What about ...?</p>
					<p>I fancy ...</p>
					<p>Why don’t we ...?</p>
				</td>
				<td>
					<p>We could ... I suppose.</p>
					<p>It does sound interesting/fun ... etc</p>
					<p>It looks interesting, but ...</p>
					<p>I’m not that keen on ...</p>
					<p>I’d love to (but) ...</p>
				</td>
			</tr>
		</everyday-english-table>
	</task>
	<task numbered>
		<p>Choose the correct word.</p>
		<inner-task>
			<inner-task-item>They showed their boarding <sans_b>cards/tickets</sans_b> to the air steward and took their seats.</inner-task-item>
			<inner-task-item>Most flights only allow one piece of <sans_b>hand/arm</sans_b> luggage.</inner-task-item>
			<inner-task-item>The best way to really see a place is to take a bus <sans_b>ride/tour</sans_b> to different areas.</inner-task-item>
			<inner-task-item>There are often long queues at passport <sans_b>checkout/control</sans_b>.</inner-task-item>
			<inner-task-item>It’s a good idea to take traveller’s <sans_b>cheques/bills</sans_b> instead of cash on holiday with you.</inner-task-item>
			<inner-task-item>Zurich is the perfect place for a winter <sans_b>stop/break</sans_b>.</inner-task-item>
			<inner-task-item>Lorries and coaches are not allowed to drive in the fast <sans_b>line/lane</sans_b> on the motorway.</inner-task-item>
			<inner-task-item>He took an international flight from London to Sidney and then an <sans_b>internal/inside</sans_b> flight to Melbourne.</inner-task-item>
			<inner-task-item>Alison was staying in a <sans_b>remote/far</sans_b> area miles from anywhere.</inner-task-item>
			<inner-task-item>Hugh likes to find places that are off the <sans_b>beaten/walked</sans_b> track.</inner-task-item>
		</inner-task>
	</task>

</paragraph>